participant_ID;text_ID;error;error_type;fb_type
AFJ1;AFJ1_1;se puede ayudar a aquellos que quieren (mejorarse) [mejorar];pron.;D.N.M
AFJ1;AFJ1_1;un solo intento de (ruptura) [fuga] en 30 años;sust.;I.L.
AFJ1;AFJ1_1;pueden moverse (libre) [libremente] en la isla;sust.;D.N.M
AFJ1;AFJ1_1;es (una frescura) [un dilema] bastante (complicada) [complicado];sust.;I.M.
AFJ1;AFJ1_1;que hemos conocido (en) la semana pasada;reg.;D.N.M
AFJ1;AFJ1_1;hay prisiones (tal) como Rikers Island;ana.;D.N.M
AFJ1;AFJ1_1;vivir en (la) sociedad;det.;D.N.M
AFJ1;AFJ1_1;un instrumento de ayuda para los presos (en forma) [a fin] de enseñarles a vivir en sociedad;sust.;R
AFJ1;AFJ1_1;me gustaría expresar (porque) [por qué] yo creo;sust.;D.N.M
AFJ1;AFJ1_1;y si (hay) [están en] condiciones como las de la cárcel de Bastøy;sust.;
AFJ1;AFJ1_1;la oportunidad de encontrar (silencio) [la paz] y reflexionar;sust.;I.M.
AFJ1;AFJ1_1;si reciben ayuda (propia) [personalizada] durante su detención;sust.;
AFJ1;AFJ1_1;(dependiente) [dependiendo] de las condiciones en las cárceles;sust.;D.N.M
AFJ1;AFJ1_2;el cielo azul (arriba) [encima] de mí;sust.;D.N.M
AFJ1;AFJ1_3;esta parte de la sociedad tiene menos (que) [de] 1 € al día para sobrevivir;reg.;D.N.M
AFJ1;AFJ1_3;la inquietud política que (hay) [esta conlleva];sust.;R
AFJ1;AFJ1_3;(economico) [económico];ort.;D.N.M
AFJ1;AFJ1_3;no hay duda (en) [de] que tenemos un problema mundial;reg.;D.N.M
AFJ1;AFJ1_3;aquellos que ya (están) [son] más fuertes;sust.;D.N.M
AFJ1;AFJ1_3;los (países) [continentes] como África;sust.;I.M.
AFJ1;AFJ1_3;los (países) [continentes] como África;sust.;I.L.
AFJ1;AFJ1_3;deberíamos aprovechar (de) las oportunidades;reg.;D.N.M
AFJ1;AFJ1_3;sin (dar) [tomar en] cuenta (de) [a] los que sufren;sust.;R
AFJ1;AFJ1_4;un incidente en 2019 se desarrolló [de forma] similar (al) [a la] del sábado;elip.;
AFJ1;AFJ1_4;no se lo (impidieron) [iban a impedir];sint.;
AFJ1;AFJ1_4;los estudiantes, (en un estado influenciado por) [bajo la influencia d] el alcohol;ana.;
AFJ1;AFJ1_4;7 de marzo [de] 2023;reg.;
AFJ1;AFJ1_4;hasta que llegó (un) otro compañero;det.;
AMN1;AMN1_1;la sensación (del) [de] frío glacial;det.;D.N.M
AMN1;AMN1_1;(kilógramos) [kilogramos];ort.;I.M.
AMN1;AMN1_1;por muy encantadora que sea la vista, el brillo del sol me está cegando y evito (mirarlo) [mirarla];gen.;I.M.
AMN1;AMN1_1;un lugar donde (hay) las posibilidades de educarse o formarse son limitadas;ana.;D.N.M
AMN1;AMN1_1;(dentro de) [en cuestión de] unos segundos todo se ha acabado;sust.;D.N.M
AMN1;AMN1_1;en muchos casos (cause el contrario) [cause lo contrario];det.;R
AMN1;AMN1_1;la condena sigue (presentando efectos en) [afectando] su día a día;ana.;R
AMN1;AMN1_1;se concentran (los) [varios] planes ilegales en pocas celdas;det.;D.N.M
AMN1;AMN1_1;(Romanía) [Rumanía];creac.;D.N.M
AMN1;AMN1_1;(al contrario) [en cambio], los dos sin armas;sust.;D.N.M
AMN1;AMN1_1;los países (occidentes) [occidentales];creac.;D.N.M
AMN1;AMN1_2;a medida que se acercaban, (obligaron) [se vieron obligados] a concretar la forma;sint.;I.M.
AMN1;AMN1_2;con el último ánimo que (sobraba en ellos) [les quedaba];sust.;R
AMN1;AMN1_2;les quedaban (unos) incontables atardeceres más;det.;
AMN1;AMN1_2;les quedaban (lejanos) [incontables] atardeceres más;sust.;D.M.
AMN1;AMN1_2;a (la) medida que se acercaban;det.;D.N.M
AMN1;AMN1_2;además, (ni) el peso corporal de los taikonautas [no] se parecía al de la Tierra;sust.;D.N.M
AMN1;AMN1_2;(en) [a] una altura de aproximadamente 22 mil metros;reg.;D.N.M
AMN1;AMN1_2;puesto que (el) Marte carecía de aire por completo;det.;D.N.M
AMN1;AMN1_2;la falta de oxígeno les (forzó) [obligó a] parar con su carrera infantil;reg.;D.N.M
AMN1;AMN1_2;(en) [bajo] ninguna circunstancia era válido arriesgar el éxito de la misión;reg.;D.N.M
AMN1;AMN1_2;la subida mínima que hizo cuestionarse al equipo si realmente (estaban) [estaba] avanzando;núm.;D.N.M
AMN1;AMN1_2;los escasos recuerdos de la tierra que habían mantenido en su mente no les (pudo) [pudieron];núm.;D.M.
AMN1;AMN1_3;carecen de cualquier (legitimación) [legitimidad];sust.;D.N.M
AMN1;AMN1_3;el derecho de los pueblos atacados (de) [a] gobernar su patria;reg.;D.N.M
AMN1;AMN1_3;ordenó (la mudanza) [el traslado] de todos los leones de los parques zoológicos italianos;sust.;D.N.M
AMN1;AMN1_3;"prohibir y abolir todos (estos) [esos] ""abominables dialectos""";det.;D.N.M
AMN1;AMN1_4;en el instante [en] que muestran debilidades;reg.;
AMN1;AMN1_4;te explica (como) [cómo] cumplir tus sueños;sust.;
AMN1;AMN1_4;ve al parque zoológico (en) [de] tu ciudad;reg.;
AMN1;AMN1_4;ahora que (esta) [esa] especie extraña de personas se ha ido;det.;
AMN1;AMN1_4;consejos deportivos o (nutritivos) [nutricionales];sust.;
AMN1;AMN1_4;la mejor serie jamás (producido) [producida];gen.;
AMN1;AMN1_4;a pesar de haber leído (unos) [algunos] libros ellos mismos;det.;
AMN1;AMN1_4;para (salvar) [salvaguardar] tu propia energía positiva;sust.;
AMN1;AMN1_4;que acabarían contigo (dentro de) [en apenas] unos segundos;sust.;
API1;API1_1;puede ser que [esta situación] también tenga que ver con la pujanza;elip.;I.M.
API1;API1_1;si nos imagináramos (que no hubiera) [un mundo sin] cárceles;sust.;R
API1;API1_1;ofrecen muchas actividades, trabajos y (el) servicio médico;det.;D.N.M
API1;API1_2;los grandes vulneran (nuestro derecho humano) [nuestros derechos humanos];núm.;D.N.M
API1;API1_2;ya no podemos reconocer (la) [aquella] maravillosa zona;det.;D.M.
API1;API1_2;para que la población mundial pueda entender (el punto de vista nuestro) [nuestro punto de vista];det.;I.M.
API1;API1_2;para que la población mundial pueda entender (nuestra vista) [nuestro punto de vista];sust.;I.M.
API1;API1_2;la selva tropical se reduce cada año (por) [en] unos 158.000 kilómetros cuadrados;reg.;D.N.M
API1;API1_2;los ruidos que (aparecen en) [provienen de] la selva;sust.;D.N.M
API1;API1_2;el pueblo está (antes la) [en peligro de] extinción;creac.;D.N.M
API1;API1_2;tiene que prohibirse la destrucción de (nuestra) [la] base de (la) [nuestra] vida;ord.;R
API1;API1_2;nos quitan la bonita superficie de (la) nuestra plantación;det.;D.N.M
API1;API1_2;la jefa de la tribu nos explica (cuales) [qué] conflictos han surgido;sust.;D.N.M
API1;API1_2;(ósea) [o sea];sust.;I.M.
API1;API1_2;nosotros solo podemos intentar (a) resistirnos;reg.;D.N.M
API1;API1_2;tiene que (ser prohibido destruir) [prohibirse la destrucción de] la base de nuestra vida;sust.;R
API1;API1_3;entró en (la) [una] plantación de aguacates en Bogotá;det.;I.M.
API1;API1_3;los metieron (a) [en] una habitación;reg.;D.N.M
API1;API1_3;a qué hora (estaba) [habría] gente dentro;sust.;D.N.M
API1;API1_3;tres millones de aguacates robados (por ladrones);exce.;I.M.
API1;API1_3;[de acuerdo con] lo que habían investigado días atrás;elip.;R
API1;API1_3;de hacer (o no) lo que pedían los ladrones [o no];ord.;
API1;API1_3;los metieron en una habitación (sacándoles) [tras quitarles] los teléfonos;sint.;R
API1;API1_4;qué ridículo (eres) [estás] con todo el sudor en la cara;sust.;
API1;API1_4;aquí os presentamos un decálogo (de) [que] seguir para disfrutar la juventud;reg.;
API1;API1_4;[los] batidos de proteínas son para hacer;det.;
API1;API1_4;un batido de (proteína) [proteínas];núm.;
API1;API1_4;"si tu cuerpo te pide comer esa ""basura"", como (lo) [la] llaman los nutricionistas, ¡(cómelo) [cómela]!";gen.;
API1;API1_4;te darás cuenta de (que) [qué] mentirosos son;sust.;
API1;API1_4;(ni) la báscula [tampoco] define bien el cuerpo que tienes;sust.;
API1;API1_4;en la vida personal [de la gente];elip.;
API1;API1_4;cada día es [un] cheat day.;det.;
ARE1;ARE1_1;lleguen a ser (unas) personas más reflexivas;det.;D.N.M
ARE1;ARE1_1;lleguen a ser (persona más reflexiva) [personas más reflexivas];núm.;D.N.M
ARE1;ARE1_1;es una solución que tal vez no sea ideal, pero [que] puede funcionar;elip.;D.N.M
ARE1;ARE1_1;puede funcionar para (generar) [ganar] tiempo hasta que se decida qué hacer;sust.;D.N.M
ARE1;ARE1_1;intentar (a) encontrar una solución;reg.;D.N.M
ARE1;ARE1_2;después del pedrisco continuó (a llover) [lloviendo];ana.;D.N.M
ARE1;ARE1_2;110 equipos de bomberos estaban (movilizadas) [movilizados];gen.;I.M.
ARE1;ARE1_2;en el informe meteorológico ya habían (anunciado la advertencia) [advertido] de la tormenta;ana.;D.M.
ARE1;ARE1_2;estamos a salvo de (graves) desastres naturales [graves];ord.;D.N.M
ARE1;ARE1_2;(así) [explicó] el esposo;sust.;D.N.M
ARE1;ARE1_2;mi amiga y yo platicamos con la gente. (Parecían) [Parecía] tener mucha necesidad de hablar;núm.;D.M.
ARE1;ARE1_2;aún quedan (unos) [algunos] edificios por reparar;det.;D.N.M
ARE1;ARE1_2;las (estribaciones) [precipitaciones] alcanzaron varias aldeas en el norte de Baja Austria;sust.;I.M.
ARE1;ARE1_2;caminamos de casa (a) [en] casa bajo el fuerte sol;reg.;
ARE1;ARE1_4;un accidente [de] hace unos diez años;reg.;
ARE1;ARE1_4;aquel señor (estaba) [iba] en silla de ruedas;sust.;
ARE1;ARE1_4;finalmente el vehículo se logró (mantener) [detener] en un cruce cerca del Pont de Levallois;sust.;
ARE1;ARE1_4;razón por la cual el coche (estaba) [iba] de camino al hospital;sust.;
ARE1;ARE1_4;resulta que la imagen que produjo el aparato (le) [les] llamó a atención;núm.;
ASA1;ASA1_1;tiene el potencial de convertirse [en] un lugar apto para conseguir la reinserción;reg.;D.N.M
ASA1;ASA1_1;solo se enfoca en (castigar) [castigarlos] y humillarlos;pron.;D.N.M
ASA1;ASA1_1;como menciona un (antiguo preso) [expresidiario] llamado Andrés;ana.;D.N.M
ASA1;ASA1_1;Noruega no (sólo) [solo] es el país en el que se encuentran las cárceles más humanas del mundo;ort.;D.N.M
ASA1;ASA1_2;un punto más profundo de aquel (labirinto) [laberinto] de matorral;creac.;I.L.
ASA1;ASA1_2;a partir de (ahora) [ese momento];sust.;D.M.
ASA1;ASA1_2;y (súbidamente) [súbitamente] apareció un hada;creac.;D.N.M
ASA1;ASA1_2;donde crecían (varios) distintos tipos de vegetales y frutas en abundancia;det.;D.M.
ASA1;ASA1_2;siguió el [luminoso] cuerpo (luminoso) del ser místico;ord.;D.M.
ASA1;ASA1_2;nadie conocía la verdad sobre qué se encontraba realmente dentro [de] ese espacio;reg.;D.N.M
ASA1;ASA1_2;debía arriesgar su vida por sus familiares y la riqueza que (iba a esperarles) [les esperaba];ana.;D.M.
ASA1;ASA1_2;incluso los parajes más desgraciados del mundo (se demuestran bellos) [pueden esconder belleza];sust.;R
ASA1;ASA1_3;el comercio (desminuye) [disminuya];creac.;D.N.M
ASA1;ASA1_3;se (conducieron) [condujeron];creac.;D.N.M
ASA1;ASA1_3;estudios que se (condujeron) [llevaron a cabo];sust.;D.M.
ASA1;ASA1_3;el comercio (se) disminuya;pron.;D.N.M
ASA1;ASA1_3;destaca que no todos los países [se] benefician de él;pron.;D.N.M
ASA1;ASA1_3;no solo se debe (clasificar) [ver] la expansión global de los mercados como algo negativo;sust.;D.N.M
ASA1;ASA1_4;conocimientos avanzados sobre (la) medicina;det.;
ASA1;ASA1_4;poder determinar con precisión el sitio en el que el asesino se debía [de] haber deshecho de él;reg.;
AZC1;AZC1_1;la sociedad actual rara vez habla de los expresidiarios [y, cuando lo hace] suele ser de forma;elip.;R
AZC1;AZC1_1;(resumido) [en resumen], la mayoría de los presos;sust.;R
AZC1;AZC1_1;ni para los (antiguos presos) [exconvictos];ana.;D.N.M
AZC1;AZC1_1;un buen ejemplo es el (ex - preso) [expreso] alemán que ahora;ort.;D.N.M
AZC1;AZC1_1;un buen ejemplo es el (expreso) [exconvicto] alemán que ahora;sust.;D.N.M
AZC1;AZC1_1;hacer algo [al] respecto, con la esperanza de ser aceptados en la sociedad;elip.;D.N.M
AZC1;AZC1_1;hay algunas formas de (hacer) [lograr] una buena vida después de la cárcel;sust.;D.N.M
AZC1;AZC1_2;cosas que nunca se (dan) [toman en] cuenta;sust.;D.N.M
AZC1;AZC1_2;llena de pensamientos innecesarios que ni siquiera te dejan dormir… ¿(si) [sí]?;sust.;D.N.M
AZC1;AZC1_2;hasta altas horas de la noche (y no has) [no] durmiendo lo suficiente;ana.;I.M.
AZC1;AZC1_3;nuestras vidas serían tan diferentes que no podemos (imaginar) [ni imaginárnoslas];sint.;R
AZC1;AZC1_3;todos los resultados positivos (llevan partes) [tienen consecuencias] muy graves;sust.;R
AZC1;AZC1_3;estar (dónde) [donde] queremos estar;sust.;I.L.
AZC1;AZC1_3;los países industriales roban a los (otras paisas) [otros países];creac.;D.N.M
AZC1;AZC1_3;(evidentement) [evidentemente] no;creac.;D.N.M
AZC1;AZC1_3;trabajar (por) [para] la reducción de la pobreza absoluta;reg.;D.N.M
AZC1;AZC1_3;[no] es ni buena ni mala;elip.;D.N.M
AZC1;AZC1_3;¿podemos estar (seguro) [seguros] de que…?;núm.;D.N.M
AZC1;AZC1_3;la población solo recibe los (mal) [malos] aspectos de ese proceso;núm.;I.L.
AZC1;AZC1_3;la población solo recibe los (malos) aspectos [negativos] de ese proceso;sust.;D.N.M
AZC1;AZC1_3;sacar provecho de estas (cosas) [oportunidades];sust.;I.M.
AZC1;AZC1_3;la población (sólo) [solo] recibe;ort.;D.N.M
AZC1;AZC1_3;los países industriales roban [a] los otros países;reg.;D.N.M
AZC1;AZC1_3;los países industriales roban a [los] otros países;det.;D.N.M
AZC1;AZC1_3;no tienen ni reciben nunca (de) estas ventajas;reg.;R
AZC1;AZC1_3;la oportunidad de ser [lo] que queremos ser;det.;D.N.M
CJK1;CJK1_1;(con) [de] ella, suelen seguirse métodos que aumentan el bienestar dentro de la prisión;reg.;D.N.M
CJK1;CJK1_1;y luego (hacer cumplidos) [tomar medidas] adicionales en la perspectiva del criminal;sust.;I.M.
CJK1;CJK1_1;debido a que tal perspectiva (establece altos valores en) [pone en alto valor] los derechos humanos;sust.;R
CJK1;CJK1_1;las prioridades entre ambas [opciones] pueden diferir;elip.;D.N.M
CJK1;CJK1_2;se gastaron 22 billones [de] wones;reg.;D.N.M
CJK1;CJK1_2;aunque estoy de acuerdo [en] que la politización es un buen método;reg.;D.N.M
CJK1;CJK1_3;(la casa suya) [su casa];ana.;D.N.M
CJK1;CJK1_3;no fue causado únicamente por (un cerebro individual) [una sola mente];sust.;R
CJK1;CJK1_4;(los términos normalizadores) [las generalizaciones] se utilizan muy fácilmente en Internet;ana.;
CJK1;CJK1_4;el respeto no es algo exclusivo de la vida (offline) [real];creac.;
CJK1;CJK1_4;es importante socializar con otros (fuera de línea) [cara a cara] de vez en cuando;sust.;
CJK1;CJK1_4;¿por qué la gente (es triggered) [se ofende] tan fácilmente?;creac.;
CJK1;CJK1_4;sino que se convierten en (uno) [ella] sin saberlo;pron.;
CJK1;CJK1_4;eliminar físicamente la causa [del mal] sí que ayuda;elip.;
EKE1;EKE1_1;en toda la tierra (que) ocupada por humanos;exce.;D.N.M
EKE1;EKE1_1;lo que les (permite) [impulsa a] volver a delinquir para sobrevivir;sust.;D.N.M
EKE1;EKE1_2;sus últimos habitantes pasan hambre o hacen las maletas (en desesperación) [con desesperación];reg.;D.M.
EKE1;EKE1_3;existen ciertos beneficios (y) [e] inconvenientes;ort.;D.N.M
EKE1;EKE1_3;(trás) [tras] evaluar los efectos históricos de la liberalización;ort.;I.L.
EKE1;EKE1_3;(el) [la] crisis (financiero) [financiera];gen.;D.N.M
EKE1;EKE1_3;ilustra (ese) [este] fenómeno;det.;D.N.M
EKE1;EKE1_3;las economías se pueden dañar por catrástrofes (políticos) [políticas];gen.;D.N.M
FLL1;FLL1_1;las tres (R) [erres], que son: reinserción, regeneración y rehabilitación;ort.;D.N.M
FLL1;FLL1_1;pero [yo] estoy de acuerdo con la idea que propone Jero;pron.;D.N.M
FLL1;FLL1_2;a fin de (mostrarle) [mostrar] su amor por la linda princesa;pron.;D.N.M
FLL1;FLL1_2;era el (más bonito) diamante [más bonito] del mundo;ord.;D.N.M
FLL1;FLL1_2;buscaba una manera de robarlo (en) [de] la Sagrada Familia;reg.;D.N.M
FLL1;FLL1_2;Lord James y el (caballerizo) [caballero] Felipe;sust.;D.N.M
FLL1;FLL1_3;una quinta parte de la humanidad vive con ingresos de menos de un dólar (cada) [al] día;sust.;R
FLL1;FLL1_3;necesitó más de un siglo en Alemania para (conseguirlo) [ser implementada];sust.;D.N.M
FLL1;FLL1_3;una quinta parte de la humanidad vive con [ingresos de] menos de un dólar (como ingreso) al día;ord.;R
FLL1;FLL1_3;y es (eso) [esa] la invitación;gen.;D.N.M
FLL1;FLL1_3;ella hace referencia (al constato) [a la constatación] del Banco Mundial;creac.;D.N.M
FLL1;FLL1_3;(la) [el] FMI ha constatado las repercusiones económicas y políticas;gen.;D.N.M
FLL1;FLL1_4;tanto el personal de (la) limpieza;det.;
FLL1;FLL1_4;"(el) [al] niño lo han llamado ""Pinocho"" a causa del cuento";reg.;
FLL1;FLL1_4;este niño de madera que fue (quitado) [arrancado] de su padre;sust.;
FLL1;FLL1_4;para que devolvieran (el) [al] pobre niño a su padre;reg.;
FLL1;FLL1_4;lo que quería de todo (su) corazón el profesor Juan Guiseppe;det.;
ICE1;ICE1_1;claro que esto se hace (de manera parcial) [parcialmente] con castigos;ana.;D.M.
ICE1;ICE1_1;como quitar la libertad (de) [a] los presos;reg.;D.N.M
ICE1;ICE1_1;la rehabilitación y la integración no son (sólo) [solo] responsabilidad del sistema penitenciario;ort.;D.N.M
ICE1;ICE1_2;hasta (otras) [otros] más graves como el cáncer de piel y las cataratas;gen.;I.L.
ICE1;ICE1_2;como demuestra el éxito del Protocolo de Montreal en (reparar) [la reparación de] la capa de ozono;sint.;R
ICE1;ICE1_2;en la actualidad, puede resultar un poco difícil (encontra) [encontrar] buenas noticias;creac.;
ICE1;ICE1_2;y dañen tanto (al) [el] planeta como a todos los seres vivos;reg.;D.N.M
ICE1;ICE1_2;el Protocolo de Montreal, (lo que es) un acuerdo internacional;exce.;D.N.M
ICE1;ICE1_3;se puede (encontra) [encontrar] fruta que no esté de temporada;creac.;D.N.M
ICE1;ICE1_3;hacer negocios con personas (quienes) [que] quizás estén en el otro lado del mundo;pron.;D.N.M
ICE1;ICE1_3;mientras (tanto) [que] las personas más ricas;sust.;D.N.M
ICE1;ICE1_3;en cuanto [a] la pobreza, tenemos que hacer algo ahora;reg.;D.N.M
ICE1;ICE1_4;en este (punto) [momento], todo lo que se puede hacer es esperar;sust.;
ICE1;ICE1_4;hemos contratado a (las mejores personas) [los mejores profesionales] y pescadores;sust.;
ICE1;ICE1_4;(que ha sido nombrada como) [llamada] Chrissie Watkins;ana.;
ICE1;ICE1_4;la primera fatalidad vino en (la) forma de una joven nadadora;det.;
IDE1;IDE1_1;el 35% de los (antiguos presos) [exconvictos] acaban en la cárcel de nuevo;ana.;D.N.M
IDE1;IDE1_1;es normal compadecerse (con) [de] ellos;reg.;D.N.M
IDE1;IDE1_1;tenemos que ponernos en su piel (detrás de los barrotes reforzados) [tras las rejas];ana.;D.M.
IDE1;IDE1_1;acaban en la cárcel de nuevo (dentro de) [al cabo de] dos años;sust.;D.M.
IDE1;IDE1_1;no todo el mundo ha recibido el mismo apoyo estatal desde la infancia (y) [ni] ha podido aprovechar;sust.;D.N.M
IDE1;IDE1_1;para (que se reduzca) [reducir] la posibilidad de reincidencia y (dé) [dar] impulso a su aportación;ana.;D.M.
IDE1;IDE1_1;pero no podríamos por culpa (del expediente) [de los antecedentes penales];sint.;D.M.
IDE1;IDE1_1;si no realizamos cambios (al) [en el] sistema penitenciario;reg.;
IDE1;IDE1_1;¿qué es lo que querríamos [que ocurriese] después de cumplir una condena?;elip.;R
IDE1;IDE1_1;como componente integral que normalice la vida de los (antiguos presos) [exconvictos];ana.;D.N.M
IDE1;IDE1_1;querríamos la oportunidad de volver a vivir como (persona libre) [personas libres] y evitar;núm.;D.N.M
IDE1;IDE1_1;es necesario, lógico y (no difícil) [fácil] de implementar;ana.;D.N.M
IDE1;IDE1_1;retratándola como [fruto de] un mundo intrínsecamente de gente o buena o malvada;esp.;R
IDE1;IDE1_2;hemos de mantenernos (alertas) [alerta];núm.;D.N.M
IDE1;IDE1_2;darían lugar a escaseces de productos (impresindibles) [imprescindibles];creac.;
IDE1;IDE1_2;la luz solar destinada (para) [a] nuestro planeta;reg.;D.N.M
IDE1;IDE1_2;no había nada de (qué) [que] preocuparse;sust.;I.L.
IDE1;IDE1_2;la ceniza y el peligro en la zona (daría) [darían] lugar a escaseces de productos imprescindibles;núm.;D.M.
IDE1;IDE1_2;consecuencias que podría desencadenar semejante erupción (serían sin precedentes) [no tendrían precedente];creac.;D.M.
IDE1;IDE1_2;en retrospectiva, [no obstante], no había nada de que preocuparse;elip.;D.N.M
IDE1;IDE1_2;para los gobiernos (a lo largo del) [de todo el] mundo;sust.;D.M.
IDE1;IDE1_3;es más, nuestro [vibrante] estilo de vida (vibrante);ord.;D.N.M
IDE1;IDE1_3;es más, nuestro (vibrante) [exuberante] estilo de vida;sust.;D.N.M
IDE1;IDE1_3;una pasmosa reducción de (lo que es) la lacra de la pobreza;exce.;D.M.
IDE1;IDE1_3;una pasmosa reducción (en) [de] la lacra de la pobreza;reg.;D.N.M
IDE1;IDE1_3;una de las razones clave (por) [de] la crisis de 1982 en Latinoamérica;reg.;D.N.M
IDE1;IDE1_4;ya que no tenía ninguna otra manera (como para) [de] huir;ana.;
IDE1;IDE1_4;cinco cadáveres despedazados fueron descubiertos en el sótano de (éste) [este];ort.;
IDE1;IDE1_4;ya hace más de un mes (desde) que fue reportada como desaparecida;reg.;
IDE1;IDE1_4;David González, el exprofesor que la (mantuvo) [tuvo] en cautiverio;sust.;
IDE1;IDE1_4;(aunque) todo transcurrió en un instante [y] Joel no volvería a ver a su hijastra durante el mes;sust.;
IDG1;IDG1_1;denuncias de (maltratamiento) [maltrato] y fuerza excesiva hacia los prisioneros;sust.;D.N.M
IDG1;IDG1_1;no [en] la rehabilitación;reg.;D.N.M
IDG1;IDG1_1;se puede decir que los intentos no merecen un (tratamiento) [trato] especial;sust.;D.N.M
IDG1;IDG1_1;el sistema penal se concentra demasiado en el castigo, no [en] la rehabilitación y la reinserción;reg.;D.N.M
IDG1;IDG1_1;la tasa de reincidencia es (el) [del] 76,6% de los prisioneros en cinco años;reg.;D.N.M
IDG1;IDG1_1;los criminales sufren de [una] enfermedad mental;det.;D.N.M
IDG1;IDG1_1;las ventajas económicas de las clases superan mucho (la cuesta) [el coste] de penas largas;sust.;D.N.M
IDG1;IDG1_1;uno de los objetivos de la cárcel es disuadir [a] los criminales;reg.;D.N.M
IDG1;IDG1_2;una vez que los residentes hubieron descubierto [a] Thor;reg.;D.M.
IDG1;IDG1_2;las fotos son realmente (impresivas) [impresionantes];sust.;I.M.
IDG1;IDG1_2;(un mamífero marino enorme) [mamíferos marinos enormes], las morsas pueden alcanzar;núm.;D.N.M
IDG1;IDG1_2;Thor dio la bienvenida al 2023 con sus nuevos amigos en Scarborough mientras (que) recuperaba;sust.;D.M.
IDG1;IDG1_2;tenemos que extender a toda la naturaleza el respeto que (el público británico) [la población británica];sust.;R
IDG1;IDG1_2;tenemos que extender a toda la naturaleza el (respecto) [respeto] que la población británica;sust.;I.L.
IDG1;IDG1_2;la pregunta [es]: ¿dónde lo veremos la próxima vez?;elip.;D.N.M
IDG1;IDG1_2;todo el mundo fue respetuoso e intentó (a) no asustar a la morsa;reg.;D.N.M
IDG1;IDG1_2;al día siguiente, estaba (listo) [lista];gen.;D.M.
IDG1;IDG1_2;mientras recuperaba (su fortitud) [sus fuerzas];sust.;R
IDG1;IDG1_2;todo el mundo (estuvo) [fue] respetuoso e intentó no asustar a la morsa;sust.;D.N.M
IDG1;IDG1_3;como resultado, no tendremos paz mientras (que) la globalización contribuya a la pobreza;sust.;D.N.M
IDG1;IDG1_3;sino que [es] un proceso que la comunidad global debe utilizar;elip.;D.N.M
IDG1;IDG1_3;cita un estudio sobre las crisis en América Latina, Asia y (Rúsia) [Rusia];ort.;I.L.
IDG1;IDG1_3;no creo que la globalización sea la única causa de la pobreza ni [de] las crisis económicas;reg.;D.N.M
IDG1;IDG1_3;uno de los asuntos más importantes en (nuestra) [la] sociedad actual;det.;D.N.M
IDG1;IDG1_3;en general, se define como un proceso de (aumentar) [aumento de] las divisiones en el mundo;sint.;R
IDG1;IDG1_4;destruyendo el centro de control y matando [a] todos los Chitauri que atacaban la ciudad;reg.;
IDG1;IDG1_4;Thor, el semidios (de) [del] trueno;det.;
IDG1;IDG1_4;podemos informar (exclusivamente) [en exclusiva];sint.;
IDG1;IDG1_4;los Chitauri han matado a 74 personas y (causaron) [costarán] millones de dólares;sust.;
IDG1;IDG1_4;por (la) primera vez, la raza humana tuvo que luchar;det.;
IDO1;IDO1_1;tengan que aprender a sobrevivir en un ambiente nocivo para su (mentalidad) [salud mental];sust.;R
IDO1;IDO1_1;tengan que aprender a sobrevivir en un ambiente nocivo (por) [para] su salud mental;reg.;R
IDO1;IDO1_1;por consiguiente, esta idea apoya la (idea) [tesis] según la cual las cárceles;sust.;
IDO1;IDO1_1;para evitar la exposición de (criminales minores) [delincuentes menores] a los que;creac.;R
IDO1;IDO1_1;que deberían permanecer encerrados en su celda por el resto de (su vida) [sus vidas];núm.;D.N.M
IDO1;IDO1_1;se puede determinar que las cárceles (son) sí [son] un lugar que debe existir;ord.;D.N.M
IDO1;IDO1_2;analizaba cualquier ruido o imagen (que podía ver) [a su alrededor];sust.;R
IDO1;IDO1_2;por los árboles y sus ramas, que (asumían) [adquirían] vida propia gracias a estas luces tenues;sust.;D.N.M
IDO1;IDO1_2;volvía al lado interno del camino, para no (hacerse) [dejarse] ver por los coches;sust.;D.N.M
IDO1;IDO1_2;prácticamente a unos pasos de su (casa) [destino];sust.;D.N.M
IDO1;IDO1_2;a veces lo único que se podía oír era el (respiro temblante) [tembloroso respirar] de Laura;ord.;R
IDO1;IDO1_2;porque su mente (revisaba) [pasaba revista a] los escenarios más tremendos y horrorosos;sint.;I.M.
IDO1;IDO1_2;y la escalofriante (quiete) [quietud] del camino le daba una sensación de miedo;creac.;D.N.M
IDO1;IDO1_2;tropezó con una piedra (atrapada en el) [que sobresalía del] terreno resbaladizo;sust.;I.L.
IDO1;IDO1_2;dentro del parque que era celebérrimo por ser uno de los más (arriesgados) [peligrosos] de la ciudad;sust.;D.N.M
IDO1;IDO1_2;por culpa de un búho travieso, (hizo) [dejó] caer una rama que la golpeó;sust.;D.N.M
IDO1;IDO1_2;después [de] haber transcurrido una fantástica velada;reg.;D.N.M
IDO1;IDO1_2;para (poderse) [poder] sentir (en) [que recuperaba el] control de una situación;ord.;R
IDO1;IDO1_3;(donde) [en los que] a veces se amaban y colaboraban;sint.;D.N.M
IDO1;IDO1_3;de nuevo enamorados, continuaron cometiendo crímenes por un periodo [de tiempo];esp.;D.N.M
IDO1;IDO1_4;y, si sigues (siendo) [estando] enamorada de él;sust.;
IDO1;IDO1_4;te invite a (tu) [su] casa;det.;
IDO1;IDO1_4;si (el) [él] no te echa de casa porque su novia está llegando;sust.;
IDO1;IDO1_4;una vez que (te haya notado) [se haya fijado en ti];sust.;
IDO1;IDO1_4;la persona de la que estás (infatuada) [prendada] ni sabe tu nombre;creac.;
IHG1;IHG1_1;para resolver el problema [de raíz], se tendría que echar un vistazo;elip.;R
IHG1;IHG1_1;(fundamentalmente) para resolver el problema;exce.;R
IHG1;IHG1_1;si no hubieran entrado en (este ambiente) [un entorno] tan psicológicamente dañino;sust.;R
IHG1;IHG1_1;[esto] proporcionará un incentivo para encontrar empleo fuera de la cárcel;det.;D.N.M
IHG1;IHG1_1;este entorno (se supone que es) [tiene que ser] agobiante;sust.;R
IHG1;IHG1_1;no se puede negar que este asunto (desproporcionadamente) afecta [desproporcionadamente] más;ord.;D.N.M
IHG1;IHG1_1;podrían verse involucrados en una trama criminal más (amplia) [grave];sust.;D.N.M
IHG1;IHG1_1;porque [ese] es el propósito del castigo;det.;D.N.M
IHG1;IHG1_2;ese fue exactamente el caso de los habitantes (costales) [de la costa] del Reino Unido;creac.;D.N.M
IHG1;IHG1_2;no es sorprendente que estos lustrosos (arcos iris) [arcoíris];creac.;
IHG1;IHG1_2;el (prodigo) [prodigio] recibió su nombre a principios del siglo XVII por el astrónomo y científico;sust.;D.N.M
IHG1;IHG1_3;la globalización es un proceso destructivo (a) [de] la cultura;reg.;D.N.M
IHG1;IHG1_3;hasta qué punto se puede decir que [es] un proceso positivo o negativo;elip.;D.N.M
IHG1;IHG1_3;con ingresos de menos de 1$ (cada) [al] día;sust.;
IHG1;IHG1_3;este proceso ha sido distinto en (estas) [estos] lugares;gen.;D.N.M
IHG1;IHG1_3;la misma experiencia con (respeto) [respecto] a la globalización;sust.;I.L.
IHG1;IHG1_4;no sabíamos [hacer] nada mejor y habíamos estado bebiendo todo el día;elip.;
IHG1;IHG1_4;quien también estaba allí el día [en] que Sara murió;reg.;
IHG1;IHG1_4;cuando decidimos salir (en) [con] el barco;reg.;
IHL1;IHL1_1;es menos una cuestión de castigar y disuadir a los delincuentes (sino) [que] de proporcionar un;sust.;D.N.M
IHL1;IHL1_2;claro que tengo algunas (elecciones) [preferencias];sust.;D.N.M
IHL1;IHL1_2;no obstante, siempre triunfa la (sphero) [esfera] de fuego;creac.;D.N.M
IHL1;IHL1_2;como si los compusiera (en) [a] un ritmo seguro;reg.;D.N.M
IHL1;IHL1_2;por eso, doy un paseo cada sábado (estrictamente) [religiosamente] por cualquier lugar que desee;sust.;D.N.M
IHL1;IHL1_2;por eso, doy un paseo (religiosamente) cada sábado [religiosamente] por cualquier lugar que desee;ord.;D.N.M
IHL1;IHL1_2;es el primer día del fin de (la) semana;det.;D.N.M
IHL1;IHL1_2;este clima apacible me sienta muy bien, (donde) [pues propicia que] los campos (están) [estén] cubiertos;sint.;I.M.
IHL1;IHL1_2;no me parece una idea (intelligente) [inteligente] complicar excesivamente las cosas;ort.;I.L.
IHL1;IHL1_2;el cielo azul me calienta (suficientemente) [lo suficiente como] para que me sienta contenta;sint.;R
IHL1;IHL1_3;que no pueden asimilar (con) el grandísimo crecimiento;reg.;D.N.M
IHL1;IHL1_3;estoy totalmente de acuerdo con la conferenciante (con) [en] que necesitamos aprovechar;reg.;D.N.M
IHL1;IHL1_3;debido a la (mal) [mala] distribución de la riqueza;gen.;D.N.M
IHL1;IHL1_3;y que su (ser) [existencia] ha mejorado la división del trabajo;sust.;
IHL1;IHL1_3;a causa de los países (desarollados) [desarrollados];ort.;
IHL1;IHL1_3;es un acontecimiento perjudicial que (continua dañar) [sigue dañando] a muchas comunidades;creac.;D.N.M
IHL1;IHL1_3;a medida que aprovechamos (de) algunas de las oportunidades;reg.;D.N.M
IHL1;IHL1_3;(la) [el] capital (media) [medio] de cada país;gen.;D.N.M
IHL1;IHL1_3;la (conferante) [conferenciante];creac.;D.N.M
IHL1;IHL1_4;"(dado) [el hecho de] que el número de ""justificaciones"" (ha) [haya] continuado aumentando";sust.;
IHL1;IHL1_4;los ciudadanos que estaban cerca del sitio (de) [en el] Tibidabo;reg.;
IHL1;IHL1_4;desde que se empezó a informar sobre su avistamiento (desde) hace aproximadamente;reg.;
IHL1;IHL1_4;desde que se empezó a informar sobre su avistamiento (aproximadamente) hace [aproximadamente];ord.;
IHL1;IHL1_4;una de (ellas) [esas personas] es la señora Velázquez;esp.;
IHL1;IHL1_4;desde que se empezó a informar [sobre su avistamiento] hace aproximadamente unos setenta años;elip.;
IHL1;IHL1_4;no era el único (de) [en] Barcelona que no podía creer lo que veían sus ojos;reg.;
IHL2;IHL2_1;la tasa de reincidencia es una de las más bajas del mundo (con) [: de un] 20%;det.;D.N.M
IHL2;IHL2_1;de una forma más adecuada (de) [que] los sistemas de castigo;reg.;D.N.M
IHL2;IHL2_1;para que [tanto] los derechos de (ambos) la población (y) [como los de] los presos sean protegidos;creac.;R
IHL2;IHL2_1;una sociedad (sólo) [solo] funciona si protege los intereses de sus ciudadanos;ort.;D.N.M
IHL2;IHL2_1;[un] 32% más baja que la de los Estados Unidos;det.;D.N.M
IHL2;IHL2_1;separarlo del resto de la sociedad (por todas sus vidas) [para el resto de su vida];sust.;R
IHL2;IHL2_1;se puede ver que este [sistema] ha sido exitoso en comparación;elip.;D.N.M
IHL2;IHL2_2;dos líneas de falla que separan la placa tectónica euroasiática (con) [de] la de Anatolia;reg.;D.N.M
IHL2;IHL2_2;que pueden soportar terremotos y tsunamis y (huracanos) [huracanes];creac.;
IHL2;IHL2_2;(dado) [dada] su historia;gen.;D.M.
IHL2;IHL2_2;en cuanto al futuro de las ciudades (turquias) [turcas];creac.;I.M.
IHL2;IHL2_2;para poder aprender de (este) [esta];gen.;D.N.M
IHL2;IHL2_2;en caso de más (disastres) [desastres];creac.;I.L.
IHL2;IHL2_2;son los edificios nuevos los que han provocado [una] fuerte indignación;det.;D.N.M
IHL2;IHL2_2;el (disastre) [desastre] natural de 7,8 de magnitud se ha cobrado las vidas;creac.;D.N.M
IHL2;IHL2_2;un terremoto sacudió la región sur y central [de] Turquía;reg.;D.N.M
IHL2;IHL2_3;es fácil entender el argumento [de] que no ha servido a algunos países para nada;reg.;D.N.M
IHL2;IHL2_3;los flujos de (capita) [capital] emergentes facilitaron el desarrollo de su economía;sust.;D.N.M
IHL2;IHL2_3;impulsó las economías de (Brásil) [Brasil] y China;ort.;I.L.
IHL2;IHL2_3;la creciente división internacional (de) [del] trabajo;det.;
IHL2;IHL2_3;tuviese algo que ver con (su) [dichas] crisis;det.;D.N.M
IHL2;IHL2_3;su (historia) compleja y anciana [historia] se refleja en los miles de definiciones;ord.;D.N.M
IHL2;IHL2_3;(antes de todo) [antes que nada], es necesario destacar;creac.;D.M.
IHL2;IHL2_3;no solo el mundo laboral, sino (que) también los valores que tenemos;exce.;D.N.M
IHL2;IHL2_3;reformularla (en) [de] una manera en que todo el mundo;reg.;D.N.M
IHL2;IHL2_4;una indicación bastante precisa [de] que los objetos fueron creados por el faraón Micerinos;reg.;
IHL2;IHL2_4;la propia momia ha sido (trasladado) [trasladada] a la Universidad de Bembridge;gen.;
IHL2;IHL2_4;en cuanto a artefactos que han (desenterrados) [desenterrado] los egiptologistas;núm.;
IHL2;IHL2_4;del trabajo (del) [de] campo con su marido;det.;
IHL2;IHL2_4;el año pasado, se (les) encontraron tres sitios de interés;pron.;
IHL2;IHL2_4;para cumplir su propio deseo [de] ser el dueño de un casino;reg.;
IHL2;IHL2_4;los contenidos se originaron entre el 2500 (AC) [a. C.] y el 2000 (AC) [a. C.];ort.;
IHL2;IHL2_4;los contenidos [se] originaron entre el 2500 a. C. y el 2000 a. C.;pron.;
IHL2;IHL2_4;Evelyn Carnahan dijo que tenía la intención de (jubilarse) [retirarse] del trabajo;sust.;
IHL2;IHL2_4;al (Penn museo a la universidad de Pensilvania) [Museo de Arqueología y Antropología de la Universidad de Pensilvania];creac.;
JTM1;JTM1_1;hay que dejar esta gestión (de gran número de delincuentes a la vez) [basada en la masificación];ana.;R
JTM1;JTM1_1;sin embargo, (es) [está] claro que hay que arreglar;sust.;D.N.M
JTM1;JTM1_1;pocos infractores [a la vez] para ofrecer orientaciones adecuadas;elip.;D.N.M
JTM1;JTM1_1;aparte de las personas [que] tienen problemas físicos o mentales;elip.;D.N.M
JTM1;JTM1_1;con presupuestos (pequeño) [pequeños];núm.;D.N.M
JTM1;JTM1_1;en Japón, se (acogen) [acoge a] numerosos infractores en cada cárcel grande;reg.;D.N.M
JTM1;JTM1_1;debe ofrecer direcciones y tareas adecuadas para cada (uno) [una];gen.;D.M.
JTM1;JTM1_2;y ahora es la hora (para) [de] aprender japonés;reg.;D.N.M
JTM1;JTM1_2;de hecho, (uno de los) [una de las cosas] que más me gustan;esp.;R
JTM1;JTM1_2;cuatro estaciones distintas por (un) año a causa del monzón;det.;D.N.M
JTM1;JTM1_2;la cantidad de polen causa (la) alergia a mucha gente en primavera;det.;D.N.M
JTM1;JTM1_2;de hecho, él ya ha aprobado [los exámenes de] dos universidades;esp.;D.N.M
JTM1;JTM1_2;siento que cada estación tiene algún problema, o sea, (los) deméritos;det.;D.N.M
JTM1;JTM1_2;aunque [normalmente] apenas nieva en Tokio, este año ya ha nevado tres veces;elip.;D.N.M
JTM1;JTM1_3;deben tener más (interesa) [interés] en la economía y la política;sust.;D.N.M
JTM1;JTM1_3;el crecimiento de [la] economía internacional;det.;D.N.M
JTM1;JTM1_3;la expansión de mercado produjo (una repetición de) [repetidas] crisis financieras;ana.;
JTM1;JTM1_3;es necesario (que) dar suficientes oportunidades;exce.;D.N.M
JTM1;JTM1_3;la expansión de mercado (produció) [produjo] repetidas crisis financieras;creac.;D.N.M
JTM1;JTM1_3;además, (está) [es] cierto que existen luchas a causa de la difícil situación económica;sust.;D.N.M
JTM1;JTM1_3;repetidas crisis (financiales) [financieras];creac.;D.N.M
JTM1;JTM1_3;no está beneficiando a (toda la gente en) [todo] el mundo;sint.;D.N.M
JTM1;JTM1_3;como los países (desarrollando) [en vías de desarrollo] también tienen recursos;sint.;D.N.M
JTM1;JTM1_4;¿ya no podemos vivir sin hacernos (daños) [daño]?;núm.;
JTM1;JTM1_4;requerían tres meses (para la) [de] recuperación;reg.;
JTM1;JTM1_4;desde que [se] inició este año 2022;pron.;
JTM1;JTM1_4;con el envejecimiento de la poblacióm (en) [del] campo;reg.;
JTM1;JTM1_4;sin embargo, sufrió (las) lesiones que requerían tres meses;det.;
JTM1;JTM1_4;y ahora está desapareciendo la (zona) [distancia] entre asentamientos humanos y animales;sust.;
JTM1;JTM1_4;escuchado (su grita) [sus gritos];creac.;
JTM1;JTM1_4;rápidamente fue llevado al hospital, (y) [donde] recibió el tratamiento que necesitaba;sust.;
JTM1;JTM1_4;ya han ocurrido más de (los) 400 accidentes con osos en todo el país;det.;
JTM1;JTM1_4;un hombre resultó herido en un ataque de (un) oso;det.;
PBZ1;PBZ1_1;hasta el punto [de] que, incluso, es capaz de matar a otro;reg.;D.N.M
PBZ1;PBZ1_1;dicha práctica (produjo reducida) [redujo la] capacidad mental y física de un prisionero;ana.;D.N.M
PBZ1;PBZ1_1;(en tanto que) [siempre y cuando] cambiemos la actitud común hacia la cárcel;sust.;D.M.
PBZ1;PBZ1_1;para (asumir) [resumir], la cárcel tiene potencial como institución;sust.;D.N.M
PBZ1;PBZ1_1;mientras [que] parece cierto que la cárcel funciona bien en cuanto a la protección de la sociedad;sust.;D.N.M
PBZ1;PBZ1_1;un espacio cerrado donde se pone a todos [los] que son incapaces de vivir;det.;D.N.M
PBZ1;PBZ1_1;su comportamiento sugiere que puede (causar) [suponer] un peligro en todas las esferas de la vida;sust.;D.N.M
PBZ1;PBZ1_1;su comportamiento sugiere que puede suponer [un] peligro en todas las esferas de la vida;det.;D.N.M
PBZ1;PBZ1_1;muestra que (causan) [suponen] demasiado peligro;sust.;D.N.M
PBZ1;PBZ1_1;ha demostrado que se deja [dominar] por sus pasiones;elip.;D.N.M
PBZ1;PBZ1_1;la oportunidad de reinserción del criminal (a) [en] la vida comunitaria;reg.;D.N.M
PBZ1;PBZ1_2;ahora lo que se debería hacer es esperar (al) [a que el] gobierno turco (que) implemente;ord.;D.N.M
PBZ1;PBZ1_2;en la zona afectada por el terremoto había construcciones (con) [de] más de 10 plantas;reg.;D.N.M
PBZ1;PBZ1_2;como la parte afectada de Turquía está cerca (al) [del] mar y tiene zonas con suelos blandos;reg.;
PBZ1;PBZ1_2;la población del centro de Turquía y el norte de (Siría) [Siria];ort.;I.L.
PBZ1;PBZ1_2;los podemos esperar porque sabemos (cuales) [cuáles] son las zonas sísmicas;sust.;D.N.M
PBZ1;PBZ1_2;(quitó) [se cobró las] vidas de decenas de miles de personas;sust.;D.N.M
PBZ1;PBZ1_2;en el estado (del) [de] desarrollo tecnológico actual los terremotos no se pueden predecir;det.;D.N.M
PBZ1;PBZ1_2;cercanos al mar (que tienen zonas) [y] con suelos blandos;ana.;D.N.M
PBZ1;PBZ1_3;(muestra) [muestran] la necesidad de abrir un espacio;núm.;D.N.M
PBZ1;PBZ1_3;a mi juicio, la (portavoz) [conferenciante] tiene razón cuando dice que la globalización;sust.;D.N.M
PBZ1;PBZ1_3;la conferenciante empieza su discurso refiriéndose a datos (estatístícos) [estadísticos];creac.;I.M.
PBZ1;PBZ1_3;el discurso trata de la (influenciá) [influencia] de la globalización;ort.;I.L.
PBZ1;PBZ1_4;los empleados no consiguieron (llevar a cabo) [hacer efectiva] la petición de dimisión del director;sust.;
RPE1;RPE1_1;pero sí que pienso que no debería (de) haber tanta libertad dentro de ellas;sust.;
RPE1;RPE1_1;pero (si) [sí] que pienso que no debería haber tanta libertad dentro de ellas;sust.;D.N.M
RPE1;RPE1_1;que en ayudar a la (victima) [víctima];ort.;D.N.M
RPE1;RPE1_1;(cual) [cuál] es la razón por la que debemos ayudar al asesino pero no a la familia del asesinado;sust.;D.N.M
RPE1;RPE1_1;cualquier (ofensor) [delincuente] tiene acceso al wifi y a la Xbox;sust.;
RPE1;RPE1_1;después de leer esto, te empiezan [a surgir] las dudas sobre la eficacia de la cárcel;elip.;D.N.M
RPE1;RPE1_1;si buscamos información (de) [sobre] las cárceles en Noruega, nos sale básicamente la misma;reg.;D.N.M
RPE1;RPE1_1;si buscamos información sobre [las] cárceles en Noruega, nos sale básicamente la misma;det.;D.N.M
RPE1;RPE1_1;cualquier delincuente tiene acceso (a) [al] wifi y a [la] Xbox;det.;D.N.M
RPE1;RPE1_1;"la cárcel ""(mas) [más] humana""";sust.;D.N.M
RPE1;RPE1_2;pero vivir en esa ruidosa ciudad me (hacia) [hacía] volver loca;sust.;D.N.M
RPE1;RPE1_2;te preguntarás el (por que) [porqué];sust.;D.M.
RPE1;RPE1_2;para (mi) [mí] es la luz al final del túnel;sust.;D.N.M
RPE1;RPE1_2;hubiera tomado la decisión de mudarme sola a (dicha) [esa] isla;det.;I.M.
RPE1;RPE1_2;a los niños llorando por la calle (dado que) [cuando] no quieren ir al colegio;sust.;D.M.
RPE1;RPE1_2;y, lo (mas) [más] importante, ¿vivir sola?;sust.;D.N.M
RPE1;RPE1_2;y tú, a (que) [qué] estás esperando;sust.;D.N.M
RPE1;RPE1_2;y (tu) [tú], a qué estás esperando;sust.;D.N.M
RPE1;RPE1_3;los informes explicaban (el uso) [la detección] de autodefensa;sust.;
RPE1;RPE1_3;no tenían ni [una] gota de sangre en sus cuerpos;det.;D.N.M
RPE1;RPE1_3;se encontraron en el bosque huellas de humanos y de (pie) [pies] en la escena del crimen;núm.;D.N.M
RPE1;RPE1_3;el motivo del (asesino o asesinos) [asesinato o asesinatos];sust.;
RPE1;RPE1_3;pero la policía no ha querido divulgar nada (mas) [más];sust.;D.N.M
RPE1;RPE1_3;así que habrá que esperar para saber (mas) [más];sust.;D.N.M
RPE1;RPE1_4;que sean las (mas) [más] estudiosas;sust.;
RPE1;RPE1_4;usted será el (mas) [más] listo sin haber estudiado nada;sust.;
RPE1;RPE1_4;para saber cuán (grande es esa botella) [grandes son];núm.;
RPE1;RPE1_4;(que) [qué] le vamos a hacer;sust.;
RPE1;RPE1_4;ya (vera) [verá] que en poco tiempo;ort.;
RPE1;RPE1_4;especialmente cuando está haciendo (mas) [más] de una actividad;sust.;
RPI1;RPI1_1;su reinserción (que depende) [en función] de su estado psicológico;sust.;D.N.M
RPI1;RPI1_1;se pueden detener para [garantizar] la seguridad de la población;elip.;D.N.M
RPI1;RPI1_1;la gestión del castigo penal tiene que llevarse a cabo con la ayuda de (los) psicólogos;det.;
RPI1;RPI1_1;porque se (trata) [centra] solo en el crimen en sí;sust.;D.N.M
RPI1;RPI1_1;no solo durante la cárcel como (metoda) [método] de reinserción;creac.;D.N.M
RPI1;RPI1_1;es probable que el enfoque presentado se (pueda ver) [vea] con cierta ansiedad;ana.;I.M.
RPI1;RPI1_1;o un crimen de (una) menor gravedad;det.;D.N.M
RPI1;RPI1_1;tenemos la tendencia (de) [a] adaptarnos a nuestro entorno;reg.;D.N.M
RPI1;RPI1_1;para prevenir (los) delitos;det.;
RPI1;RPI1_1;(como) [que] el criminal en serie con el que comparte su entorno;reg.;D.N.M
RPI1;RPI1_1;esto se debe (por) [en] parte a la falta de;reg.;D.N.M
RPI1;RPI1_2;hemos perdido el hielo ártico a (una tasa) [un ritmo] de casi el 13% por década;sust.;D.N.M
RPI1;RPI1_2;igual que acaeció [hace] apenas (hace) un año;ord.;D.N.M
RPI1;RPI1_2;el pueblo escuchó sus gritos y apresuradamente (vinieron) [vino] a ayudar;núm.;I.M.
RPI1;RPI1_2;una situación crítica donde [los] cambios sustanciales son decisivos para prevenir;det.;D.N.M
RPI1;RPI1_2;el pueblo escuchó sus gritos y apresuradamente (vino) [fue] a ayudar;sust.;
RPI1;RPI1_2;la agresión llegó a la misma [desgarradora] conclusión (desgarradora) que la precedente;ord.;D.M.
RPI1;RPI1_3;de un (dado) país [dado];ord.;D.N.M
RPI1;RPI1_3;conocimientos (basicos) [básicos] sobre cómo funciona el mercado laboral;ort.;D.N.M
RPI1;RPI1_3;sino (que) [de] la del sistema educativo que conduce a un círculo vicioso;reg.;D.N.M
RPI1;RPI1_3;(por lo tanto) [lo que permite que];sust.;
RPI1;RPI1_3;es importante pensar en la historia (economica) [económica];ort.;D.N.M
RPI1;RPI1_3;como, por ejemplo, la inversión extranjera prohibida por [algún] tiempo en España;elip.;D.N.M
RPI1;RPI1_3;conceptos (economicos) [económicos];ort.;D.N.M
RPI1;RPI1_3;y sus tendencias (psicologicas) [psicológicas];ort.;D.N.M
RPI1;RPI1_3;es primordial entender el rol de la psicología humana que (goberna) [gobierna];creac.;D.N.M
RPI1;RPI1_3;las crisis causadas por [el] covid-19;det.;D.N.M
RPI1;RPI1_3;en (conclusion) [conclusión];ort.;D.N.M
RPI1;RPI1_3;no es un concepto (erroneo) [erróneo];ort.;D.N.M
RPI1;RPI1_3;y los (significantes) [significativos] conceptos económicos que tenemos que considerar;sust.;D.N.M
RPI1;RPI1_3;evitar que (tantas) [tantos] países sufran;gen.;D.N.M
RPI1;RPI1_3;debatidos por economistas (a lo largo del tiempo);exce.;I.M.
RPI1;RPI1_3;en una indeterminable (situacion) [situación] precaria;ort.;D.N.M
RPI1;RPI1_3;las crisis (economicas) [económicas] anteriores;ort.;D.N.M
RPI1;RPI1_3;dado que muchos países no [se] benefician de una educación pública;pron.;D.N.M
RPI1;RPI1_3;como, por ejemplo, la inversión extranjera prohibida por algún tiempo (para) [en] España;reg.;D.N.M
RPI1;RPI1_3;[que] fue perjudicial para su desarrollo económico;elip.;R
RPI1;RPI1_3;que fue perjudicial para su (desarollo) [desarrollo] económico;ort.;D.N.M
RPI1;RPI1_4;la mujer ha identificado a su (ex novio) [exnovio] Desi Collins como su raptor;ort.;
RPI1;RPI1_4;ha dado la bienvenida a Amy con (sus) [los] brazos abiertos;det.;
RPI1;RPI1_4;la mujer ha identificado a su (raptor) [exnovio Desi Collins] como su (exnovio Desi Collins) [raptor];ord.;
RPI1;RPI1_4;25 [de] diciembre [de] 2014;reg.;
RZA1;RZA1_1;esta privación de la libertad va acompañada (con) [de] humillaciones;reg.;D.N.M
RZA1;RZA1_1;en el buscador de la Real Academia [Española (RAE)];elip.;D.N.M
RZA1;RZA1_1;esta privación de la libertad va acompañada de (humillación) [humillaciones];núm.;D.N.M
RZA1;RZA1_1;¿por qué entonces deberían sufrir [en] pésimas condiciones?;reg.;
RZA1;RZA1_1;la pobreza, el poco acceso a [una] buena educación y el poco acceso a ayudas;det.;
RZA1;RZA1_2;aunque se veía [el] miedo por la cara de mi hermana;det.;D.N.M
RZA1;RZA1_2;(por) [a] mí, eso me encanta;reg.;D.N.M
RZA1;RZA1_2;es dar un paseo por las playas pequeñas y apacibles (en) [de] los alrededores de Tarragona;reg.;D.N.M
RZA1;RZA1_3;para que todos podamos (aprovecharse de ella) [aprovecharla];sust.;D.N.M
RZA1;RZA1_3;sin embargo, la conferenciante añade que está en (nuestros) [nuestras] manos;gen.;D.N.M
RZA1;RZA1_3;ni (quejarse) [renegar] de ella;sust.;D.N.M
RZA1;RZA1_3;en (si) [sí] misma, la globalización no puede considerarse ni buena, ni mala;sust.;D.N.M
RZA1;RZA1_4;encontraron a sus (caballeros de la brillante armadura) [príncipes azules];sust.;
RZA1;RZA1_4;[y] no los Gardiner, como pensaba la familia;elip.;
RZA1;RZA1_4;Darcy intentó persuadir a Wickhan (a) [de] casarse con Lydia;reg.;
RZA1;RZA1_4;el (Sr) [Sr.] Bingley, de entrada, mostró interés por Jane;ort.;
RZA1;RZA1_4;el (Sr) [Sr.] y la (Sra) [Sra.] Gardiner;ort.;
RZA1;RZA1_4;Lydia desveló a Elizabeth que fue [el] Sr. Darcy quien les encontró;det.;
