participant_ID,text_ID,docs_to_search,error,error_item,error_context,solution_item,solution_context
AMN1,AMN1_1,"['AMN1_2', 'AMN1_3', 'AMN1_4']",para reinsertarlos en (la misma sociedad) [ella],la misma sociedad,,ella,"AMN1_2 - ella
>> infinita llanura carmesí se extendía debajo de
>> de el casco se empañaba .
>> dos drones , les quedaban unos lejanos
>> psicológicamente , no les habría parecido nada
>> de aire que se siente en las
>> de los taikonautas se parecía a el
>> No se daban cuenta .
>> su mente no les pudo proporcionar la
>> de el pasado se habría aburrido era
>> la base que les protegía de el
>> camino hasta encontrar se rendidos .
>> Aunque sus aparatos les indicaban , sin
>> seguir , simplemente lo abandonaron .
>> común era llevar se el recipiente de
>> cuando sus colegas les quitaban el oxígeno
>> sus sueños finalmente se acercaba .
>> podemos respirar por él ” , constató
>> que sobraba en ellos corrían en dirección
>> comenzar a encaminar se hacia la última
>> la medida que se acercaban obligaron a
>> Aparentemente , se enfrentaron a un
>> de el objeto se dieron cuenta que
>> y incrédulos ignoraron lo imposible y siguieron
>> avanzada los drones se marearon abandonando a
>> Se acumularon los residuos
>> mucho afán superar se uno a el
>> aumentada sus cascos se convirtieron en opacas
>> Lentamente se aproximaba el fin
>> su suavidad y se puso dura .
>> Grietas chicas se abrieron en el
>> y el tiempo se asustaron con el
>> punto de desmayar se por el cansancio
>> el resplandor cuando se quitaron los cascos

AMN1_3 - ella
>> para "" traer les la cultura de
>> Además , se divulga la noticia
>> la televisión italiana se dirigó a su
>> que , según él , solamente la
>> lenguas romances que se hablan en las

AMN1_4 - ella
>> tu profesión no lo exige ?
>> que estos desgraciados se hayan marchado …
>> extraña de personas se ha ido tenemos
>> Hoy se publican videos ,
>> los mismos aprendices se convierten en versiones
>> Por Instagram se ven un montón
>> Lo que realmente supone
>> dicho que no lo hicieras , aprovecharé
>> podrías aprender de ellos .
>> un pecado alejar se de personas que
>> Lo acepto .
>> reflexiona qué exactamente le da la autoridad
>> A lo mejor el gurú
>> maravillas cuando no se trata de ti.
>> No cuestiones lo que escribo .

"
AMN1,AMN1_1,"['AMN1_2', 'AMN1_3', 'AMN1_4']",no (lo podía) [pudo hacerlo] porque mi tío estaba preso,lo podía,"AMN1_2 - lo podía
>> su mente no les pudo proporcionar la anhelada

AMN1_4 - lo podía
>> venden libros o se pueden adquirir sesiones privadas

",pudo hacerlo,
AMN1,AMN1_1,"['AMN1_2', 'AMN1_3', 'AMN1_4']",(nadie) [ninguno] de ellos olvidará jamás la sensación,nadie,"AMN1_4 - nadie
>> No dejes que nadie te pare !

",ninguno,"AMN1_2 - ninguno
>> En ninguna circunstancia era válido

AMN1_4 - ninguno
>> no disponen de ninguna formación o estudio

"
AMN1,AMN1_1,"['AMN1_2', 'AMN1_3', 'AMN1_4']",la sensación (del) [de] frío glacial,del,,de,"AMN1_2 - de
>> primera ascensión humana de el Monte Olimpo
>> se extendía debajo de sus pies .
>> , el cristal de el casco se
>> hacia la cumbre de la montaña más
>> en una altura de aproximadamente 22 mil
>> A el equipo de ocho taikonautas y
>> los acantilados escarpados de el Mount Everest
>> , la falta de aire que se
>> el peso corporal de los taikonautas se
>> Aquí pesaban menos de la mitad .
>> y mística cuna de su especie ni
>> los recuerdos escasos de la tierra que
>> que un montañero de el pasado se
>> seguir un trayecto de 300 kilómetros para
>> Cada día de nuevo erigían y
>> desvanecer se detrás de la línea donde
>> Cuando un taikonauta de el equipo no
>> se el recipiente de oxígeno y dejar
>> el nuevo hogar de la humanidad no
>> un mar infinito de desierto , polvo
>> arriesgar el éxito de la misión .
>> en el delirio de la agonía cuando
>> constituyó el límite de su existencia frágil
>> que el lugar de sus sueños finalmente
>> Las temperaturas de la última noche
>> , constató uno de los Taikonautas sin
>> entre los acantilados de el volcán dado
>> alzar la bandera de el patrocinador de
>> a el hecho de que no habían
>> , en cuestión de unos minutos ya
>> forma azul destacó de la superficie rojísima
>> el estar enfrente de el objeto se
>> tenacidad la punta de su nariz .
>> De repente , hallaron
>> Una botella de plástico , bolsas
>> A pesar de su tecnología avanzada
>> la asquerosa masa de objetos desaceleró su
>> en opacas esferas de vapor y acabaron
>> Similar a telas de araña estaban colgadas
>> Un sinfín de colores y banderas
>> aproximaba el fin de el viaje de
>> con el páramo de la muerte que
>> A el punto de desmayar se por

AMN1_3 - de
>> Noticia de última hora
>> horas el presidente de la República Italiana
>> les la cultura de una civilización avanzada
>> Según el jefe de el estado ,
>> a los habitantes de las regiones que
>> bajo el control de el poderoso imperio
>> reestablecer el equilibrio de poder .
>> negó el derecho de los pueblos atacados
>> velocidad en cuestiones de la tecnología o
>> Desde su punto de vista las democracias
>> seguridad y soberanía de Europa propuso una
>> reiteradamente el imperador de la continua contaminación
>> y sofisticada "" de el latín sería
>> final , antes de concluir su preocupante

AMN1_4 - de
>> y una frase de mierda
>> garantizar la dignidad de el lector y
>> El bienestar de nuestros lectores siempre
>> acabarían contigo dentro de unos segundos ?
>> cien por ciento de tu rendimiento en
>> Peaky Blinders es de lejos la mejor
>> frase super inspiradora de Pinterest ?
>> tus amigos están de mal humor o
>> identificar con más de la mitad de
>> esta especie extraña de personas se ha
>> años los contenidos de autoayuda y desarrollo
>> adquirir sesiones privadas de entrenamiento con maestros
>> ven un montón de páginas ( o
>> en muchas escuelas de Yoga antes de
>> , la falta de conocimiento no es
>> personas que salen de la puerta infernal
>> te unos consejos de autoayuda :
>> las personas alrededor de ti también tengan
>> En vez de intentar superar los
>> pecado alejar se de personas que únicamente
>> observa unos carnívoros de carne y hueso
>> Antes de seguir las recomendaciones
>> no se trata de ti. ( qué

"
AMN1,AMN1_1,"['AMN1_2', 'AMN1_3', 'AMN1_4']",(kilógramos) [kilogramos],kilógramos,,kilogramos,
AMN1,AMN1_1,"['AMN1_2', 'AMN1_3', 'AMN1_4']","por muy encantadora que sea la vista, el brillo del sol me está cegando y evito (mirarlo) [mirarla]",mirarlo,,mirarla,
AMN1,AMN1_1,"['AMN1_2', 'AMN1_3', 'AMN1_4']",un lugar donde (hay) las posibilidades de educarse o formarse son limitadas,hay,"AMN1_2 - hay
>> , no les habría parecido nada extraordinario
>> especie ni siquiera habían alcanzado la adolescencia
>> la tierra que han mantenido en su
>> el pasado se habría aburrido era la
>> Tales criaturas habían permanecido en la
>> tres taikonautas que habían sobrevivido el ascenso
>> la planificación nunca había incluido regresar .
>> de que no habían comido durante días
>> Ya habían gastado todo su
>> Si hubieran tenido un dios
>> Allá dentro había una brillante antorcha

AMN1_3 - hay
>> Italiana Sergio Mattarella ha declarado la guerra
>> , el presidente ha movilizado sus tropas
>> todavía no se ha podido confirmar .
>> continente Europa no habría avanzado con la
>> vista las democracias han frenado o impedido

AMN1_4 - hay
>> , pero siempre has sabido que mereces
>> Como apellido te han puesto mamarracho ?
>> serie que jamás ha sido producido ?
>> Si te has podido identificar con
>> estos desgraciados se hayan marchado …
>> de personas se ha ido tenemos la
>> a pesar de haber leído unos libros
>> tus sueños sin haber cumplido los suyos
>> no hace falta haber participado en muchas
>> a que te he dicho que no

",,
AMN1,AMN1_1,"['AMN1_2', 'AMN1_3', 'AMN1_4']",(dentro de) [en cuestión de] unos segundos todo se ha acabado,dentro de,"AMN1_4 - dentro de
>> que acabarían contigo dentro de unos segundos ?

",en cuestión de,"AMN1_2 - en cuestión de
>> No obstante , en cuestión de unos minutos ya

AMN1_3 - en cuestión de
>> la misma velocidad en cuestiones de la tecnología o

"
AMN1,AMN1_1,"['AMN1_2', 'AMN1_3', 'AMN1_4']",en muchos casos (cause el contrario) [cause lo contrario],cause el contrario,,cause lo contrario,
AMN1,AMN1_1,"['AMN1_2', 'AMN1_3', 'AMN1_4']",la condena sigue (presentando efectos en) [afectando] su día a día,presentando efectos en,,afectando,
AMN1,AMN1_1,"['AMN1_2', 'AMN1_3', 'AMN1_4']",se concentran (los) [varios] planes ilegales en pocas celdas,los,"AMN1_2 - los
>> ascensión humana de el Monte Olimpo (
>> La infinita llanura carmesí
>> unos minutos , el cristal de el
>> su viaje hacia la cumbre de la
>> Sería la primera vez que
>> A el equipo de ocho
>> Para los que consiguieron ascender
>> Evidentemente , la falta de aire
>> Además , ni el peso corporal de
>> pesaban menos de la mitad .
>> La última vez que
>> Por eso , los recuerdos escasos de
>> Sin embrago , la razón verdadera por
>> kilómetros para ver el enorme volcán desde
>> erigían y desmontaban la base que les
>> Durante el día seguían su
>> ascendiendo continuamente y la mirada hacia el
>> un taikonauta de el equipo no pudo
>> El proceder común era
>> quería prosperar en el nuevo hogar de
>> habían permanecido en la Tierra donde caminan
>> era válido arriesgar el éxito de la
>> últimos pensamientos en el delirio de la
>> Miraron fijamente por el cristal empañado que
>> Ahora , los tres taikonautas que
>> Las temperaturas de la
>> constató uno de los Taikonautas sin que
>> Con el último ánimo que
>> ya estaban esperando los entre los acantilados
>> El final básicamente consistió
>> encaminar se hacia la última etapa ,
>> A el principio atribuyeron tal
>> azul destacó de la superficie rojísima que
>> A la medida que se
>> A el estar enfrente de
>> con inacabable tenacidad la punta de su
>> que solo merecen la denominación basura .
>> su tecnología avanzada los drones se marearon
>> Se acumularon los residuos y la
>> se uno a el otro avanzando hacia
>> ciegos hasta que la falta de oxígeno
>> asombro y aceptaron el sobrenatural cambio climático
>> estaban colgadas en las laderas coloridas banderas
>> que contrastó con el impecable fondo blanco
>> Lentamente se aproximaba el fin de el
>> cierto momento , la nieve perdió su
>> se abrieron en el suelo y revelaron
>> No fueron los primeros y no
>> Perdidos en el espacio y el
>> A el punto de desmayar
>> Pareció eterna y los taikonautas calentaron sus

AMN1_3 - los
>> El imperio romano contraataca
>> Italia declaró la guerra a diferentes
>> Hace tres horas el presidente de la
>> A continuación , el presidente ha movilizado
>> , se divulga la noticia que Italia
>> Según el jefe de el
>> un discurso en la televisión italiana se
>> Efectivamente , todos los países mediterráneos y
>> con fervor que la cultura romana hacía
>> Encima , negó el derecho de los
>> Recalcó que sin el imperio romano el
>> punto de vista las democracias han frenado
>> Frente a la amenaza que supuestamente
>> En cuanto a las lenguas romances que
>> Argumentó que la única versión ""
>> A el final , antes

AMN1_4 - los
>> Responde por favor el siguiente cuestionario .
>> Es para garantizar la dignidad de el
>> El bienestar de nuestros
>> mereces más que los demás ?
>> ¿ Te inspiran los carnívoros salvajes que
>> es de lejos la mejor serie que
>> mala vibra quitas el contacto para salvar
>> con más de la mitad de las
>> ¡ Tú eres el elegido/la elegida !
>> ha ido tenemos la necesaria distancia científica
>> Enfoquémonos en el verdadero texto .
>> Hace unos años los contenidos de autoayuda
>> A menudo , los mismos aprendices se
>> lo menos yo los veo .
>> sin haber cumplido los suyos .
>> tener éxito con las negociaciones para enseñar
>> No obstante , la falta de conocimiento
>> Todo el mundo tiene el
>> cultural es que las personas que salen
>> hicieras , aprovecharé la ocasión para dar
>> No te pases el listo .
>> muy probable que las personas alrededor de
>> de intentar superar los todo el rato
>> tus amigos en el instante que muestran
>> Las americanas están bien
>> Ve a el parque zoológico en
>> Antes de seguir las recomendaciones de alguien
>> A lo mejor el gurú no es
>> La vida despliega sus

",varios,
AMN1,AMN1_1,"['AMN1_2', 'AMN1_3', 'AMN1_4']",(Romanía) [Rumanía],Romanía,,Rumanía,
AMN1,AMN1_1,"['AMN1_2', 'AMN1_3', 'AMN1_4']","(al contrario) [en cambio], los dos sin armas",al contrario,,en cambio,
AMN1,AMN1_1,"['AMN1_2', 'AMN1_3', 'AMN1_4']",los países (occidentes) [occidentales],occidentes,,occidentales,
AMN1,AMN1_1,"['AMN1_2', 'AMN1_3', 'AMN1_4']",el color (negrito) [negro] guarda todo el calor,negrito,,negro,
AMN1,AMN1_1,"['AMN1_2', 'AMN1_3', 'AMN1_4']",(guardia) [guardián],guardia,,guardián,
AMN1,AMN1_1,"['AMN1_2', 'AMN1_3', 'AMN1_4']",la [desfavorable] situación (desfavorable),desfavorable,,desfavorable,
AMN1,AMN1_1,"['AMN1_2', 'AMN1_3', 'AMN1_4']",la desfavorable situación [se] exacerba,,,se,"AMN1_2 - se
>> infinita llanura carmesí se extendía debajo de
>> de el casco se empañaba .
>> dos drones , les quedaban unos lejanos
>> psicológicamente , no les habría parecido nada
>> de aire que se siente en las
>> de los taikonautas se parecía a el
>> No se daban cuenta .
>> su mente no les pudo proporcionar la
>> de el pasado se habría aburrido era
>> la base que les protegía de el
>> camino hasta encontrar se rendidos .
>> Aunque sus aparatos les indicaban , sin
>> seguir , simplemente lo abandonaron .
>> común era llevar se el recipiente de
>> cuando sus colegas les quitaban el oxígeno
>> sus sueños finalmente se acercaba .
>> podemos respirar por él ” , constató
>> que sobraba en ellos corrían en dirección
>> comenzar a encaminar se hacia la última
>> la medida que se acercaban obligaron a
>> Aparentemente , se enfrentaron a un
>> de el objeto se dieron cuenta que
>> y incrédulos ignoraron lo imposible y siguieron
>> avanzada los drones se marearon abandonando a
>> Se acumularon los residuos
>> mucho afán superar se uno a el
>> aumentada sus cascos se convirtieron en opacas
>> Lentamente se aproximaba el fin
>> su suavidad y se puso dura .
>> Grietas chicas se abrieron en el
>> y el tiempo se asustaron con el
>> punto de desmayar se por el cansancio
>> el resplandor cuando se quitaron los cascos

AMN1_3 - se
>> para "" traer les la cultura de
>> Además , se divulga la noticia
>> la televisión italiana se dirigó a su
>> que , según él , solamente la
>> lenguas romances que se hablan en las

AMN1_4 - se
>> tu profesión no lo exige ?
>> que estos desgraciados se hayan marchado …
>> extraña de personas se ha ido tenemos
>> Hoy se publican videos ,
>> los mismos aprendices se convierten en versiones
>> Por Instagram se ven un montón
>> Lo que realmente supone
>> dicho que no lo hicieras , aprovecharé
>> podrías aprender de ellos .
>> un pecado alejar se de personas que
>> Lo acepto .
>> reflexiona qué exactamente le da la autoridad
>> A lo mejor el gurú
>> maravillas cuando no se trata de ti.
>> No cuestiones lo que escribo .

"
AMN1,AMN1_1,"['AMN1_2', 'AMN1_3', 'AMN1_4']",la desfavorable situación se exacerba [cada] vez más,,,cada,"AMN1_2 - cada
>> Cada día de nuevo
>> sol se demoraba cada día más en
>> repente , hallaron cada vez más objetos

"
AMN1,AMN1_1,"['AMN1_2', 'AMN1_3', 'AMN1_4']",la [estrecha] calle (estrecha),estrecha,,estrecha,
AMN1,AMN1_1,"['AMN1_2', 'AMN1_3', 'AMN1_4']",los cuatro ladrones son (convictos) [detenidos] y metidos en el coche,convictos,,detenidos,
AMN1,AMN1_1,"['AMN1_2', 'AMN1_3', 'AMN1_4']",no le (hacen sentir) [inspiran] ninguna compasión,hacen sentir,,inspiran,"AMN1_4 - inspiran
>> ¿ Te inspiran los carnívoros salvajes

"
AMN1,AMN1_1,"['AMN1_2', 'AMN1_3', 'AMN1_4']",al (final) [fin y al cabo] solo estaban presentes,final,"AMN1_2 - final
>> El final básicamente consistió en

AMN1_3 - final
>> A el final , antes de

",fin y al cabo,
AMN1,AMN1_1,"['AMN1_2', 'AMN1_3', 'AMN1_4']",una llamada en (la) prisión,la,"AMN1_2 - la
>> ascensión humana de el Monte Olimpo (
>> La infinita llanura carmesí
>> unos minutos , el cristal de el
>> su viaje hacia la cumbre de la
>> Sería la primera vez que
>> A el equipo de ocho
>> Para los que consiguieron ascender
>> Evidentemente , la falta de aire
>> Además , ni el peso corporal de
>> pesaban menos de la mitad .
>> La última vez que
>> Por eso , los recuerdos escasos de
>> Sin embrago , la razón verdadera por
>> kilómetros para ver el enorme volcán desde
>> erigían y desmontaban la base que les
>> Durante el día seguían su
>> ascendiendo continuamente y la mirada hacia el
>> un taikonauta de el equipo no pudo
>> El proceder común era
>> quería prosperar en el nuevo hogar de
>> habían permanecido en la Tierra donde caminan
>> era válido arriesgar el éxito de la
>> últimos pensamientos en el delirio de la
>> Miraron fijamente por el cristal empañado que
>> Ahora , los tres taikonautas que
>> Las temperaturas de la
>> constató uno de los Taikonautas sin que
>> Con el último ánimo que
>> ya estaban esperando los entre los acantilados
>> El final básicamente consistió
>> encaminar se hacia la última etapa ,
>> A el principio atribuyeron tal
>> azul destacó de la superficie rojísima que
>> A la medida que se
>> A el estar enfrente de
>> con inacabable tenacidad la punta de su
>> que solo merecen la denominación basura .
>> su tecnología avanzada los drones se marearon
>> Se acumularon los residuos y la
>> se uno a el otro avanzando hacia
>> ciegos hasta que la falta de oxígeno
>> asombro y aceptaron el sobrenatural cambio climático
>> estaban colgadas en las laderas coloridas banderas
>> que contrastó con el impecable fondo blanco
>> Lentamente se aproximaba el fin de el
>> cierto momento , la nieve perdió su
>> se abrieron en el suelo y revelaron
>> No fueron los primeros y no
>> Perdidos en el espacio y el
>> A el punto de desmayar
>> Pareció eterna y los taikonautas calentaron sus

AMN1_3 - la
>> El imperio romano contraataca
>> Italia declaró la guerra a diferentes
>> Hace tres horas el presidente de la
>> A continuación , el presidente ha movilizado
>> , se divulga la noticia que Italia
>> Según el jefe de el
>> un discurso en la televisión italiana se
>> Efectivamente , todos los países mediterráneos y
>> con fervor que la cultura romana hacía
>> Encima , negó el derecho de los
>> Recalcó que sin el imperio romano el
>> punto de vista las democracias han frenado
>> Frente a la amenaza que supuestamente
>> En cuanto a las lenguas romances que
>> Argumentó que la única versión ""
>> A el final , antes

AMN1_4 - la
>> Responde por favor el siguiente cuestionario .
>> Es para garantizar la dignidad de el
>> El bienestar de nuestros
>> mereces más que los demás ?
>> ¿ Te inspiran los carnívoros salvajes que
>> es de lejos la mejor serie que
>> mala vibra quitas el contacto para salvar
>> con más de la mitad de las
>> ¡ Tú eres el elegido/la elegida !
>> ha ido tenemos la necesaria distancia científica
>> Enfoquémonos en el verdadero texto .
>> Hace unos años los contenidos de autoayuda
>> A menudo , los mismos aprendices se
>> lo menos yo los veo .
>> sin haber cumplido los suyos .
>> tener éxito con las negociaciones para enseñar
>> No obstante , la falta de conocimiento
>> Todo el mundo tiene el
>> cultural es que las personas que salen
>> hicieras , aprovecharé la ocasión para dar
>> No te pases el listo .
>> muy probable que las personas alrededor de
>> de intentar superar los todo el rato
>> tus amigos en el instante que muestran
>> Las americanas están bien
>> Ve a el parque zoológico en
>> Antes de seguir las recomendaciones de alguien
>> A lo mejor el gurú no es
>> La vida despliega sus

",,
AMN1,AMN1_1,"['AMN1_2', 'AMN1_3', 'AMN1_4']",ha dado [a] luz a un niño,,,a,"AMN1_2 - a
>> A el equipo de
>> extraordinario en cuanto a el reto físico
>> taikonautas se parecía a el de la
>> que dejó cuestionar a el equipo si
>> , sin lugar a duda , que
>> corrían en dirección a el cráter .
>> minutos tras comenzar a encaminar se hacia
>> A el principio atribuyeron
>> A la medida que
>> , se enfrentaron a un punto azul
>> A el estar enfrente
>> A pesar de su
>> superar se uno a el otro avanzando
>> Debido a su respiración aumentada
>> , milagrosamente empezó a nevar .
>> sobrenatural cambio climático a su alrededor .
>> Similar a telas de araña
>> A el punto de

AMN1_3 - a
>> declaró la guerra a diferentes países
>> declarado la guerra a las siguientes naciones
>> A continuación , el
>> de la invasión a gran escala carecen
>> italiana se dirigó a su población ,
>> solamente la asimilación a la cultura romana
>> Frente a la amenaza que
>> En cuanto a las lenguas romances
>> A el final ,

AMN1_4 - a
>> en tu día a día , aunque
>> arrodillarías y empezarías a rezar ?
>> con maestros que a pesar de haber
>> A menudo , los
>> este movimiento llegó a su auge .
>> negociaciones para enseñar a otros cómo fundar
>> tiene el derecho a hacer el primo
>> Si conoces a alguien así o
>> únicamente contribuyen negatividad a tu vida ,
>> Ve a el parque zoológico
>> Vas a ver que no
>> de aconsejar te a ti ?
>> A lo mejor el

"
AMN1,AMN1_1,"['AMN1_2', 'AMN1_3', 'AMN1_4']",la barriga (grandote) [grandota] de su hermana,grandote,,grandota,
AMN1,AMN1_1,"['AMN1_2', 'AMN1_3', 'AMN1_4']",obligan [a] los estados a gestionar las cárceles,,,a,"AMN1_2 - a
>> A el equipo de
>> extraordinario en cuanto a el reto físico
>> taikonautas se parecía a el de la
>> que dejó cuestionar a el equipo si
>> , sin lugar a duda , que
>> corrían en dirección a el cráter .
>> minutos tras comenzar a encaminar se hacia
>> A el principio atribuyeron
>> A la medida que
>> , se enfrentaron a un punto azul
>> A el estar enfrente
>> A pesar de su
>> superar se uno a el otro avanzando
>> Debido a su respiración aumentada
>> , milagrosamente empezó a nevar .
>> sobrenatural cambio climático a su alrededor .
>> Similar a telas de araña
>> A el punto de

AMN1_3 - a
>> declaró la guerra a diferentes países
>> declarado la guerra a las siguientes naciones
>> A continuación , el
>> de la invasión a gran escala carecen
>> italiana se dirigó a su población ,
>> solamente la asimilación a la cultura romana
>> Frente a la amenaza que
>> En cuanto a las lenguas romances
>> A el final ,

AMN1_4 - a
>> en tu día a día , aunque
>> arrodillarías y empezarías a rezar ?
>> con maestros que a pesar de haber
>> A menudo , los
>> este movimiento llegó a su auge .
>> negociaciones para enseñar a otros cómo fundar
>> tiene el derecho a hacer el primo
>> Si conoces a alguien así o
>> únicamente contribuyen negatividad a tu vida ,
>> Ve a el parque zoológico
>> Vas a ver que no
>> de aconsejar te a ti ?
>> A lo mejor el

"
AMN1,AMN1_1,"['AMN1_2', 'AMN1_3', 'AMN1_4']",(dependiente) [dependiendo] de la gravedad del crimen,dependiente,,dependiendo,
AMN1,AMN1_1,"['AMN1_2', 'AMN1_3', 'AMN1_4']",es el lugar (cierto) [adecuado] para cambiar el comportamiento,cierto,"AMN1_2 - cierto
>> En cierto momento , la

",adecuado,
AMN1,AMN1_1,"['AMN1_2', 'AMN1_3', 'AMN1_4']",el miedo (es) [está] muy presente,es,"AMN1_2 - es
>> Sería la primera vez
>> muy fatigante que sea psicológicamente , no
>> se habría aburrido era la subida mínima
>> primitivos , que eran de otro mundo
>> El proceder común era llevar se el
>> humanidad no podía ser débil .
>> En ninguna circunstancia era válido arriesgar el
>> Estos solían ser sus últimos pensamientos
>> concluir su odisea eran tan bajas que
>> la misión , ser grabado por las
>> pudieron negar que eran testigos de algo
>> no sabían qué era ) y más
>> : la cumbre era cubierta por huesos
>> No fueron los primeros y

AMN1_3 - es
>> los países que son los objetivos de
>> de el latín sería el italiano ya

AMN1_4 - es
>> Es para garantizar la
>> nuestros lectores siempre es nuestra prioridad .
>> y exagerada que sea una frase ,
>> ¿ Peaky Blinders es de lejos la
>> ¡ Tú eres el elegido/la elegida
>> para analizar dichos seres desagradables .
>> no hace falta ser una atleta para
>> de conocimiento no es un crimen .
>> una degradación cultural es que las personas
>> Es muy probable que
>> No es un pecado alejar
>> el gurú no es más que un

",está,"AMN1_2 - está
>> equipo si realmente estaban avanzando .
>> duda , que estaban ascendiendo continuamente y
>> sus tumbas ya estaban esperando los entre
>> A el estar enfrente de el
>> telas de araña estaban colgadas en las
>> revelaron lo que estaba manifestando el agua

AMN1_3 - está
>> con dichos países estaban bajo el control

AMN1_4 - está
>> Cuando tus amigos están de mal humor
>> la autoayuda suelen estar ocupados con una
>> Las americanas están bien .

"
AMN1,AMN1_1,"['AMN1_2', 'AMN1_3', 'AMN1_4']",(aparte) [fuera] de los países occidentales,aparte,,fuera,
AMN1,AMN1_1,"['AMN1_2', 'AMN1_3', 'AMN1_4']",a nadie le gustaría (pasar) [cumplir] una condena,pasar,,cumplir,"AMN1_4 - cumplir
>> te explica como cumplir tus sueños sin

"
AMN1,AMN1_1,"['AMN1_2', 'AMN1_3', 'AMN1_4']",el miedo a la (deprivación) [privación] completa de la libertad,deprivación,,privación,
AMN1,AMN1_1,"['AMN1_2', 'AMN1_3', 'AMN1_4']",(resulta) [es] indudable que las razones,resulta,"AMN1_4 - resulta
>> ¿ Te resulta imposible subir una

",es,"AMN1_2 - es
>> Sería la primera vez
>> muy fatigante que sea psicológicamente , no
>> se habría aburrido era la subida mínima
>> primitivos , que eran de otro mundo
>> El proceder común era llevar se el
>> humanidad no podía ser débil .
>> En ninguna circunstancia era válido arriesgar el
>> Estos solían ser sus últimos pensamientos
>> concluir su odisea eran tan bajas que
>> la misión , ser grabado por las
>> pudieron negar que eran testigos de algo
>> no sabían qué era ) y más
>> : la cumbre era cubierta por huesos
>> No fueron los primeros y

AMN1_3 - es
>> los países que son los objetivos de
>> de el latín sería el italiano ya

AMN1_4 - es
>> Es para garantizar la
>> nuestros lectores siempre es nuestra prioridad .
>> y exagerada que sea una frase ,
>> ¿ Peaky Blinders es de lejos la
>> ¡ Tú eres el elegido/la elegida
>> para analizar dichos seres desagradables .
>> no hace falta ser una atleta para
>> de conocimiento no es un crimen .
>> una degradación cultural es que las personas
>> Es muy probable que
>> No es un pecado alejar
>> el gurú no es más que un

"
AMN1,AMN1_1,"['AMN1_2', 'AMN1_3', 'AMN1_4']",las razones (por) [para] cometer delitos son muy diversas,por,"AMN1_2 - por
>> su agotadora caminata por unos minutos ,
>> esta ascensión , por muy fatigante que
>> carecía de aire por completo .
>> Por eso , los
>> la razón verdadera por la que un
>> Miraron fijamente por el cristal empañado
>> No podemos respirar por él ” ,
>> , ser grabado por las aeronaves automáticas
>> Pasaron por un valle pequeño
>> cumbre era cubierta por huesos humanos .
>> de desmayar se por el cansancio se

AMN1_3 - por
>> cambiar su título por "" el imperador
>> llevada a cabo por gobernadores romanos podría
>> frenado o impedido por completo la expansión

AMN1_4 - por
>> Responde por favor el siguiente
>> ¿ Por más cursi y
>> gusta invertir cien por ciento de tu
>> Por Instagram se ven

",para,"AMN1_2 - para
>> Para los que consiguieron
>> de 300 kilómetros para ver el enorme
>> cerró sus ojos para siempre .

AMN1_3 - para
>> las respectivas regiones para "" traer les
>> los Estados Unidos para la seguridad y
>> a los estadios para celebrar el renacimiento

AMN1_4 - para
>> Es para garantizar la dignidad
>> quitas el contacto para salvar tu propia
>> y seguir chambeando para tus metas .
>> necesaria distancia científica para analizar dichos seres
>> con las negociaciones para enseñar a otros
>> aprovecharé la ocasión para dar te unos

"
AMN1,AMN1_1,"['AMN1_2', 'AMN1_3', 'AMN1_4']",la decisión (por) [de] perpetrar el crimen,por,"AMN1_2 - por
>> su agotadora caminata por unos minutos ,
>> esta ascensión , por muy fatigante que
>> carecía de aire por completo .
>> Por eso , los
>> la razón verdadera por la que un
>> Miraron fijamente por el cristal empañado
>> No podemos respirar por él ” ,
>> , ser grabado por las aeronaves automáticas
>> Pasaron por un valle pequeño
>> cumbre era cubierta por huesos humanos .
>> de desmayar se por el cansancio se

AMN1_3 - por
>> cambiar su título por "" el imperador
>> llevada a cabo por gobernadores romanos podría
>> frenado o impedido por completo la expansión

AMN1_4 - por
>> Responde por favor el siguiente
>> ¿ Por más cursi y
>> gusta invertir cien por ciento de tu
>> Por Instagram se ven

",de,"AMN1_2 - de
>> primera ascensión humana de el Monte Olimpo
>> se extendía debajo de sus pies .
>> , el cristal de el casco se
>> hacia la cumbre de la montaña más
>> en una altura de aproximadamente 22 mil
>> A el equipo de ocho taikonautas y
>> los acantilados escarpados de el Mount Everest
>> , la falta de aire que se
>> el peso corporal de los taikonautas se
>> Aquí pesaban menos de la mitad .
>> y mística cuna de su especie ni
>> los recuerdos escasos de la tierra que
>> que un montañero de el pasado se
>> seguir un trayecto de 300 kilómetros para
>> Cada día de nuevo erigían y
>> desvanecer se detrás de la línea donde
>> Cuando un taikonauta de el equipo no
>> se el recipiente de oxígeno y dejar
>> el nuevo hogar de la humanidad no
>> un mar infinito de desierto , polvo
>> arriesgar el éxito de la misión .
>> en el delirio de la agonía cuando
>> constituyó el límite de su existencia frágil
>> que el lugar de sus sueños finalmente
>> Las temperaturas de la última noche
>> , constató uno de los Taikonautas sin
>> entre los acantilados de el volcán dado
>> alzar la bandera de el patrocinador de
>> a el hecho de que no habían
>> , en cuestión de unos minutos ya
>> forma azul destacó de la superficie rojísima
>> el estar enfrente de el objeto se
>> tenacidad la punta de su nariz .
>> De repente , hallaron
>> Una botella de plástico , bolsas
>> A pesar de su tecnología avanzada
>> la asquerosa masa de objetos desaceleró su
>> en opacas esferas de vapor y acabaron
>> Similar a telas de araña estaban colgadas
>> Un sinfín de colores y banderas
>> aproximaba el fin de el viaje de
>> con el páramo de la muerte que
>> A el punto de desmayar se por

AMN1_3 - de
>> Noticia de última hora
>> horas el presidente de la República Italiana
>> les la cultura de una civilización avanzada
>> Según el jefe de el estado ,
>> a los habitantes de las regiones que
>> bajo el control de el poderoso imperio
>> reestablecer el equilibrio de poder .
>> negó el derecho de los pueblos atacados
>> velocidad en cuestiones de la tecnología o
>> Desde su punto de vista las democracias
>> seguridad y soberanía de Europa propuso una
>> reiteradamente el imperador de la continua contaminación
>> y sofisticada "" de el latín sería
>> final , antes de concluir su preocupante

AMN1_4 - de
>> y una frase de mierda
>> garantizar la dignidad de el lector y
>> El bienestar de nuestros lectores siempre
>> acabarían contigo dentro de unos segundos ?
>> cien por ciento de tu rendimiento en
>> Peaky Blinders es de lejos la mejor
>> frase super inspiradora de Pinterest ?
>> tus amigos están de mal humor o
>> identificar con más de la mitad de
>> esta especie extraña de personas se ha
>> años los contenidos de autoayuda y desarrollo
>> adquirir sesiones privadas de entrenamiento con maestros
>> ven un montón de páginas ( o
>> en muchas escuelas de Yoga antes de
>> , la falta de conocimiento no es
>> personas que salen de la puerta infernal
>> te unos consejos de autoayuda :
>> las personas alrededor de ti también tengan
>> En vez de intentar superar los
>> pecado alejar se de personas que únicamente
>> observa unos carnívoros de carne y hueso
>> Antes de seguir las recomendaciones
>> no se trata de ti. ( qué

"
AMN1,AMN1_1,"['AMN1_2', 'AMN1_3', 'AMN1_4']",la decisión de [perpetrar] el crimen,,,perpetrar,
AMN1,AMN1_1,"['AMN1_2', 'AMN1_3', 'AMN1_4']",personas malas se vuelven (en) personas malísimas,en,"AMN1_2 - en
>> la tierra marciana en una altura de
>> parecido nada extraordinario en cuanto a el
>> que se siente en las altitudes aquí
>> vez que anduvieron en la antigua y
>> que han mantenido en su mente no
>> cada día más en desvanecer se detrás
>> Quién quería prosperar en el nuevo hogar
>> criaturas habían permanecido en la Tierra donde
>> En ninguna circunstancia era
>> sus últimos pensamientos en el delirio de
>> ánimo que sobraba en ellos corrían en
>> final básicamente consistió en alzar la bandera
>> No obstante , en cuestión de unos
>> cual provocó rabia en los dos taikonautas
>> cascos se convirtieron en opacas esferas de
>> araña estaban colgadas en las laderas coloridas
>> En cierto momento ,
>> chicas se abrieron en el suelo y
>> Perdidos en el espacio y
>> sus heladas caras en el resplandor cuando

AMN1_3 - en
>> En un discurso en
>> la misma velocidad en cuestiones de la
>> En cuanto a las
>> idioma quedan incuestionablemente en Italia .
>> En su provocador invectiva

AMN1_4 - en
>> vestir una americana en tu día a
>> de tu rendimiento en ti mismo ?
>> subir una foto en Instagram sin añadir
>> ¿ Si estuvieras en un cuarto con
>> Enfoquémonos en el verdadero texto
>> aprendices se convierten en versiones aún más
>> falta haber participado en muchas escuelas de
>> con una cosa en su vida :
>> En vez de intentar
>> a tus amigos en el instante que
>> el parque zoológico en tu ciudad y

",,
AMN1,AMN1_1,"['AMN1_2', 'AMN1_3', 'AMN1_4']",(aprende uno del otro) [aprenden unos de otros],aprende uno del otro,,aprenden unos de otros,
AMN1,AMN1_1,"['AMN1_2', 'AMN1_3', 'AMN1_4']",[pues] aprenden unos de otros,,,pues,
AMN1,AMN1_1,"['AMN1_2', 'AMN1_3', 'AMN1_4']",después de haber (vuelto a la) [sido puestos en] libertad,vuelto a la,,sido puestos en,
AMN1,AMN1_1,"['AMN1_2', 'AMN1_3', 'AMN1_4']",se atribuye al hecho [de] que hay una escasez inmensa de psicólogos,,,de,"AMN1_2 - de
>> primera ascensión humana de el Monte Olimpo
>> se extendía debajo de sus pies .
>> , el cristal de el casco se
>> hacia la cumbre de la montaña más
>> en una altura de aproximadamente 22 mil
>> A el equipo de ocho taikonautas y
>> los acantilados escarpados de el Mount Everest
>> , la falta de aire que se
>> el peso corporal de los taikonautas se
>> Aquí pesaban menos de la mitad .
>> y mística cuna de su especie ni
>> los recuerdos escasos de la tierra que
>> que un montañero de el pasado se
>> seguir un trayecto de 300 kilómetros para
>> Cada día de nuevo erigían y
>> desvanecer se detrás de la línea donde
>> Cuando un taikonauta de el equipo no
>> se el recipiente de oxígeno y dejar
>> el nuevo hogar de la humanidad no
>> un mar infinito de desierto , polvo
>> arriesgar el éxito de la misión .
>> en el delirio de la agonía cuando
>> constituyó el límite de su existencia frágil
>> que el lugar de sus sueños finalmente
>> Las temperaturas de la última noche
>> , constató uno de los Taikonautas sin
>> entre los acantilados de el volcán dado
>> alzar la bandera de el patrocinador de
>> a el hecho de que no habían
>> , en cuestión de unos minutos ya
>> forma azul destacó de la superficie rojísima
>> el estar enfrente de el objeto se
>> tenacidad la punta de su nariz .
>> De repente , hallaron
>> Una botella de plástico , bolsas
>> A pesar de su tecnología avanzada
>> la asquerosa masa de objetos desaceleró su
>> en opacas esferas de vapor y acabaron
>> Similar a telas de araña estaban colgadas
>> Un sinfín de colores y banderas
>> aproximaba el fin de el viaje de
>> con el páramo de la muerte que
>> A el punto de desmayar se por

AMN1_3 - de
>> Noticia de última hora
>> horas el presidente de la República Italiana
>> les la cultura de una civilización avanzada
>> Según el jefe de el estado ,
>> a los habitantes de las regiones que
>> bajo el control de el poderoso imperio
>> reestablecer el equilibrio de poder .
>> negó el derecho de los pueblos atacados
>> velocidad en cuestiones de la tecnología o
>> Desde su punto de vista las democracias
>> seguridad y soberanía de Europa propuso una
>> reiteradamente el imperador de la continua contaminación
>> y sofisticada "" de el latín sería
>> final , antes de concluir su preocupante

AMN1_4 - de
>> y una frase de mierda
>> garantizar la dignidad de el lector y
>> El bienestar de nuestros lectores siempre
>> acabarían contigo dentro de unos segundos ?
>> cien por ciento de tu rendimiento en
>> Peaky Blinders es de lejos la mejor
>> frase super inspiradora de Pinterest ?
>> tus amigos están de mal humor o
>> identificar con más de la mitad de
>> esta especie extraña de personas se ha
>> años los contenidos de autoayuda y desarrollo
>> adquirir sesiones privadas de entrenamiento con maestros
>> ven un montón de páginas ( o
>> en muchas escuelas de Yoga antes de
>> , la falta de conocimiento no es
>> personas que salen de la puerta infernal
>> te unos consejos de autoayuda :
>> las personas alrededor de ti también tengan
>> En vez de intentar superar los
>> pecado alejar se de personas que únicamente
>> observa unos carnívoros de carne y hueso
>> Antes de seguir las recomendaciones
>> no se trata de ti. ( qué

"
AMN1,AMN1_1,"['AMN1_2', 'AMN1_3', 'AMN1_4']",[y a que] las terapias son genéricas y voluntarias,,,y a que,
AMN1,AMN1_1,"['AMN1_2', 'AMN1_3', 'AMN1_4']",[muchos entraron en la cárcel] a causa de la falta de recursos financieros (muchos entraron en la cárcel),muchos entraron en la cárcel,,muchos entraron en la cárcel,
AMN1,AMN1_1,"['AMN1_2', 'AMN1_3', 'AMN1_4']",a causa de [la] falta de recursos financieros,,,la,"AMN1_2 - la
>> ascensión humana de el Monte Olimpo (
>> La infinita llanura carmesí
>> unos minutos , el cristal de el
>> su viaje hacia la cumbre de la
>> Sería la primera vez que
>> A el equipo de ocho
>> Para los que consiguieron ascender
>> Evidentemente , la falta de aire
>> Además , ni el peso corporal de
>> pesaban menos de la mitad .
>> La última vez que
>> Por eso , los recuerdos escasos de
>> Sin embrago , la razón verdadera por
>> kilómetros para ver el enorme volcán desde
>> erigían y desmontaban la base que les
>> Durante el día seguían su
>> ascendiendo continuamente y la mirada hacia el
>> un taikonauta de el equipo no pudo
>> El proceder común era
>> quería prosperar en el nuevo hogar de
>> habían permanecido en la Tierra donde caminan
>> era válido arriesgar el éxito de la
>> últimos pensamientos en el delirio de la
>> Miraron fijamente por el cristal empañado que
>> Ahora , los tres taikonautas que
>> Las temperaturas de la
>> constató uno de los Taikonautas sin que
>> Con el último ánimo que
>> ya estaban esperando los entre los acantilados
>> El final básicamente consistió
>> encaminar se hacia la última etapa ,
>> A el principio atribuyeron tal
>> azul destacó de la superficie rojísima que
>> A la medida que se
>> A el estar enfrente de
>> con inacabable tenacidad la punta de su
>> que solo merecen la denominación basura .
>> su tecnología avanzada los drones se marearon
>> Se acumularon los residuos y la
>> se uno a el otro avanzando hacia
>> ciegos hasta que la falta de oxígeno
>> asombro y aceptaron el sobrenatural cambio climático
>> estaban colgadas en las laderas coloridas banderas
>> que contrastó con el impecable fondo blanco
>> Lentamente se aproximaba el fin de el
>> cierto momento , la nieve perdió su
>> se abrieron en el suelo y revelaron
>> No fueron los primeros y no
>> Perdidos en el espacio y el
>> A el punto de desmayar
>> Pareció eterna y los taikonautas calentaron sus

AMN1_3 - la
>> El imperio romano contraataca
>> Italia declaró la guerra a diferentes
>> Hace tres horas el presidente de la
>> A continuación , el presidente ha movilizado
>> , se divulga la noticia que Italia
>> Según el jefe de el
>> un discurso en la televisión italiana se
>> Efectivamente , todos los países mediterráneos y
>> con fervor que la cultura romana hacía
>> Encima , negó el derecho de los
>> Recalcó que sin el imperio romano el
>> punto de vista las democracias han frenado
>> Frente a la amenaza que supuestamente
>> En cuanto a las lenguas romances que
>> Argumentó que la única versión ""
>> A el final , antes

AMN1_4 - la
>> Responde por favor el siguiente cuestionario .
>> Es para garantizar la dignidad de el
>> El bienestar de nuestros
>> mereces más que los demás ?
>> ¿ Te inspiran los carnívoros salvajes que
>> es de lejos la mejor serie que
>> mala vibra quitas el contacto para salvar
>> con más de la mitad de las
>> ¡ Tú eres el elegido/la elegida !
>> ha ido tenemos la necesaria distancia científica
>> Enfoquémonos en el verdadero texto .
>> Hace unos años los contenidos de autoayuda
>> A menudo , los mismos aprendices se
>> lo menos yo los veo .
>> sin haber cumplido los suyos .
>> tener éxito con las negociaciones para enseñar
>> No obstante , la falta de conocimiento
>> Todo el mundo tiene el
>> cultural es que las personas que salen
>> hicieras , aprovecharé la ocasión para dar
>> No te pases el listo .
>> muy probable que las personas alrededor de
>> de intentar superar los todo el rato
>> tus amigos en el instante que muestran
>> Las americanas están bien
>> Ve a el parque zoológico en
>> Antes de seguir las recomendaciones de alguien
>> A lo mejor el gurú no es
>> La vida despliega sus

"
AMN1,AMN1_1,"['AMN1_2', 'AMN1_3', 'AMN1_4']","(sintetizando) [en resumen], se puede decir que siempre es fácil",sintetizando,,en resumen,
AMN1,AMN1_1,"['AMN1_2', 'AMN1_3', 'AMN1_4']",cuando todavía (estaba) [era] de noche,estaba,"AMN1_2 - estaba
>> equipo si realmente estaban avanzando .
>> duda , que estaban ascendiendo continuamente y
>> sus tumbas ya estaban esperando los entre
>> A el estar enfrente de el
>> telas de araña estaban colgadas en las
>> revelaron lo que estaba manifestando el agua

AMN1_3 - estaba
>> con dichos países estaban bajo el control

AMN1_4 - estaba
>> Cuando tus amigos están de mal humor
>> la autoayuda suelen estar ocupados con una
>> Las americanas están bien .

",era,"AMN1_2 - era
>> Sería la primera vez
>> muy fatigante que sea psicológicamente , no
>> se habría aburrido era la subida mínima
>> primitivos , que eran de otro mundo
>> El proceder común era llevar se el
>> humanidad no podía ser débil .
>> En ninguna circunstancia era válido arriesgar el
>> Estos solían ser sus últimos pensamientos
>> concluir su odisea eran tan bajas que
>> la misión , ser grabado por las
>> pudieron negar que eran testigos de algo
>> no sabían qué era ) y más
>> : la cumbre era cubierta por huesos
>> No fueron los primeros y

AMN1_3 - era
>> los países que son los objetivos de
>> de el latín sería el italiano ya

AMN1_4 - era
>> Es para garantizar la
>> nuestros lectores siempre es nuestra prioridad .
>> y exagerada que sea una frase ,
>> ¿ Peaky Blinders es de lejos la
>> ¡ Tú eres el elegido/la elegida
>> para analizar dichos seres desagradables .
>> no hace falta ser una atleta para
>> de conocimiento no es un crimen .
>> una degradación cultural es que las personas
>> Es muy probable que
>> No es un pecado alejar
>> el gurú no es más que un

"
AMN1,AMN1_1,"['AMN1_2', 'AMN1_3', 'AMN1_4']",no parece tener (un) fin,un,"AMN1_2 - un
>> agotadora caminata por unos minutos , el
>> tierra marciana en una altura de aproximadamente
>> , les quedaban unos lejanos atardeceres más
>> Mount Everest hace unos siglos , esta
>> por la que un montañero de el
>> Hacía falta seguir un trayecto de 300
>> Cuando un taikonauta de el
>> como sonámbulos en un mar infinito de
>> tan bajas que uno más cerró sus
>> ” , constató uno de los Taikonautas
>> llamó la atención un color extraño .
>> en cuestión de unos minutos ya no
>> Una indefinible forma azul
>> se enfrentaron a un punto azul .
>> se trataba de una tienda antigua .
>> Una botella de plástico
>> afán superar se uno a el otro
>> Pasaron por un valle pequeño .
>> Un sinfín de colores
>> Si hubieran tenido un dios , habrían
>> Allá dentro había una brillante antorcha encendida

AMN1_3 - un
>> la cultura de una civilización avanzada a
>> En un discurso en la
>> más que comparten una frontera con dichos
>> el desarrollo hacia una cultura superior .
>> la expansión de una posible potencia mundial
>> de Europa propuso una unificación de el

AMN1_4 - un
>> Ferraris , y una frase de mierda
>> ¿ Llevas una vida vulgar y
>> te molesta vestir una americana en tu
>> contigo dentro de unos segundos ?
>> exagerada que sea una frase , nunca
>> resulta imposible subir una foto en Instagram
>> Si estuvieras en un cuarto con Elon
>> Hace unos años los contenidos
>> de haber leído unos libros ellos mismos
>> Instagram se ven un montón de páginas
>> ? ) donde un fulano yo sé
>> otros cómo fundar un negocio , no
>> conocimiento no es un crimen .
>> que realmente supone una degradación cultural es
>> para dar te unos consejos de autoayuda
>> No es un pecado alejar se
>> ciudad y observa unos carnívoros de carne
>> es más que un soplagaitas y cree

",,
AMN1,AMN1_1,"['AMN1_2', 'AMN1_3', 'AMN1_4']",las colinas alrededor adornan (majestosamente) [majestuosamente] el paisaje,majestosamente,,majestuosamente,
AMN1,AMN1_1,"['AMN1_2', 'AMN1_3', 'AMN1_4']",sacan al animal de las [húmedas] profundidades (húmedas)…,húmedas,,húmedas,
AMN1,AMN1_2,"['AMN1_3', 'AMN1_4']","a medida que se acercaban, (obligaron) [se vieron obligados] a concretar la forma",obligaron,,se vieron obligados,
AMN1,AMN1_2,"['AMN1_3', 'AMN1_4']",con el último ánimo que (sobraba en ellos) [les quedaba],sobraba en ellos,,les quedaba,
AMN1,AMN1_2,"['AMN1_3', 'AMN1_4']",les quedaban (unos) incontables atardeceres más,unos,"AMN1_3 - unos
>> la cultura de una civilización avanzada a
>> En un discurso en la
>> más que comparten una frontera con dichos
>> el desarrollo hacia una cultura superior .
>> la expansión de una posible potencia mundial
>> de Europa propuso una unificación de el

AMN1_4 - unos
>> Ferraris , y una frase de mierda
>> ¿ Llevas una vida vulgar y
>> te molesta vestir una americana en tu
>> contigo dentro de unos segundos ?
>> exagerada que sea una frase , nunca
>> resulta imposible subir una foto en Instagram
>> Si estuvieras en un cuarto con Elon
>> Hace unos años los contenidos
>> de haber leído unos libros ellos mismos
>> Instagram se ven un montón de páginas
>> ? ) donde un fulano yo sé
>> otros cómo fundar un negocio , no
>> conocimiento no es un crimen .
>> que realmente supone una degradación cultural es
>> para dar te unos consejos de autoayuda
>> No es un pecado alejar se
>> ciudad y observa unos carnívoros de carne
>> es más que un soplagaitas y cree

",,
AMN1,AMN1_2,"['AMN1_3', 'AMN1_4']",les quedaban (lejanos) [incontables] atardeceres más,lejanos,,incontables,
AMN1,AMN1_2,"['AMN1_3', 'AMN1_4']",a (la) medida que se acercaban,la,"AMN1_3 - la
>> El imperio romano contraataca
>> Italia declaró la guerra a diferentes
>> Hace tres horas el presidente de la
>> A continuación , el presidente ha movilizado
>> , se divulga la noticia que Italia
>> Según el jefe de el
>> un discurso en la televisión italiana se
>> Efectivamente , todos los países mediterráneos y
>> con fervor que la cultura romana hacía
>> Encima , negó el derecho de los
>> Recalcó que sin el imperio romano el
>> punto de vista las democracias han frenado
>> Frente a la amenaza que supuestamente
>> En cuanto a las lenguas romances que
>> Argumentó que la única versión ""
>> A el final , antes

AMN1_4 - la
>> Responde por favor el siguiente cuestionario .
>> Es para garantizar la dignidad de el
>> El bienestar de nuestros
>> mereces más que los demás ?
>> ¿ Te inspiran los carnívoros salvajes que
>> es de lejos la mejor serie que
>> mala vibra quitas el contacto para salvar
>> con más de la mitad de las
>> ¡ Tú eres el elegido/la elegida !
>> ha ido tenemos la necesaria distancia científica
>> Enfoquémonos en el verdadero texto .
>> Hace unos años los contenidos de autoayuda
>> A menudo , los mismos aprendices se
>> lo menos yo los veo .
>> sin haber cumplido los suyos .
>> tener éxito con las negociaciones para enseñar
>> No obstante , la falta de conocimiento
>> Todo el mundo tiene el
>> cultural es que las personas que salen
>> hicieras , aprovecharé la ocasión para dar
>> No te pases el listo .
>> muy probable que las personas alrededor de
>> de intentar superar los todo el rato
>> tus amigos en el instante que muestran
>> Las americanas están bien
>> Ve a el parque zoológico en
>> Antes de seguir las recomendaciones de alguien
>> A lo mejor el gurú no es
>> La vida despliega sus

",,
AMN1,AMN1_2,"['AMN1_3', 'AMN1_4']","además, (ni) el peso corporal de los taikonautas [no] se parecía al de la Tierra",ni,"AMN1_4 - ni
>> no fundan empresas ni abandonan a su

",no,"AMN1_3 - no
>> tal información todavía no se ha podido
>> el continente Europa no habría avanzado con

AMN1_4 - no
>> ¿ No te molesta vestir
>> ¡ No dejes que nadie
>> libros ellos mismos no disponen de ninguna
>> No hace falta tener
>> No obstante , la
>> he dicho que no lo hicieras ,
>> No te pases el
>> No es un pecado
>> a ver que no fundan empresas ni
>> mejor el gurú no es más que
>> sus maravillas cuando no se trata de
>> No cuestiones lo que

"
AMN1,AMN1_2,"['AMN1_3', 'AMN1_4']",(en) [a] una altura de aproximadamente 22 mil metros,en,"AMN1_3 - en
>> En un discurso en
>> la misma velocidad en cuestiones de la
>> En cuanto a las
>> idioma quedan incuestionablemente en Italia .
>> En su provocador invectiva

AMN1_4 - en
>> vestir una americana en tu día a
>> de tu rendimiento en ti mismo ?
>> subir una foto en Instagram sin añadir
>> ¿ Si estuvieras en un cuarto con
>> Enfoquémonos en el verdadero texto
>> aprendices se convierten en versiones aún más
>> falta haber participado en muchas escuelas de
>> con una cosa en su vida :
>> En vez de intentar
>> a tus amigos en el instante que
>> el parque zoológico en tu ciudad y

",a,"AMN1_3 - a
>> declaró la guerra a diferentes países
>> declarado la guerra a las siguientes naciones
>> A continuación , el
>> de la invasión a gran escala carecen
>> italiana se dirigó a su población ,
>> solamente la asimilación a la cultura romana
>> Frente a la amenaza que
>> En cuanto a las lenguas romances
>> A el final ,

AMN1_4 - a
>> en tu día a día , aunque
>> arrodillarías y empezarías a rezar ?
>> con maestros que a pesar de haber
>> A menudo , los
>> este movimiento llegó a su auge .
>> negociaciones para enseñar a otros cómo fundar
>> tiene el derecho a hacer el primo
>> Si conoces a alguien así o
>> únicamente contribuyen negatividad a tu vida ,
>> Ve a el parque zoológico
>> Vas a ver que no
>> de aconsejar te a ti ?
>> A lo mejor el

"
AMN1,AMN1_2,"['AMN1_3', 'AMN1_4']",puesto que (el) Marte carecía de aire por completo,el,"AMN1_3 - el
>> El imperio romano contraataca
>> Italia declaró la guerra a diferentes
>> Hace tres horas el presidente de la
>> A continuación , el presidente ha movilizado
>> , se divulga la noticia que Italia
>> Según el jefe de el
>> un discurso en la televisión italiana se
>> Efectivamente , todos los países mediterráneos y
>> con fervor que la cultura romana hacía
>> Encima , negó el derecho de los
>> Recalcó que sin el imperio romano el
>> punto de vista las democracias han frenado
>> Frente a la amenaza que supuestamente
>> En cuanto a las lenguas romances que
>> Argumentó que la única versión ""
>> A el final , antes

AMN1_4 - el
>> Responde por favor el siguiente cuestionario .
>> Es para garantizar la dignidad de el
>> El bienestar de nuestros
>> mereces más que los demás ?
>> ¿ Te inspiran los carnívoros salvajes que
>> es de lejos la mejor serie que
>> mala vibra quitas el contacto para salvar
>> con más de la mitad de las
>> ¡ Tú eres el elegido/la elegida !
>> ha ido tenemos la necesaria distancia científica
>> Enfoquémonos en el verdadero texto .
>> Hace unos años los contenidos de autoayuda
>> A menudo , los mismos aprendices se
>> lo menos yo los veo .
>> sin haber cumplido los suyos .
>> tener éxito con las negociaciones para enseñar
>> No obstante , la falta de conocimiento
>> Todo el mundo tiene el
>> cultural es que las personas que salen
>> hicieras , aprovecharé la ocasión para dar
>> No te pases el listo .
>> muy probable que las personas alrededor de
>> de intentar superar los todo el rato
>> tus amigos en el instante que muestran
>> Las americanas están bien
>> Ve a el parque zoológico en
>> Antes de seguir las recomendaciones de alguien
>> A lo mejor el gurú no es
>> La vida despliega sus

",,
AMN1,AMN1_2,"['AMN1_3', 'AMN1_4']",la falta de oxígeno les (forzó) [obligó a] parar con su carrera infantil,forzó,,obligó a,
AMN1,AMN1_2,"['AMN1_3', 'AMN1_4']",(en) [bajo] ninguna circunstancia era válido arriesgar el éxito de la misión,en,"AMN1_3 - en
>> En un discurso en
>> la misma velocidad en cuestiones de la
>> En cuanto a las
>> idioma quedan incuestionablemente en Italia .
>> En su provocador invectiva

AMN1_4 - en
>> vestir una americana en tu día a
>> de tu rendimiento en ti mismo ?
>> subir una foto en Instagram sin añadir
>> ¿ Si estuvieras en un cuarto con
>> Enfoquémonos en el verdadero texto
>> aprendices se convierten en versiones aún más
>> falta haber participado en muchas escuelas de
>> con una cosa en su vida :
>> En vez de intentar
>> a tus amigos en el instante que
>> el parque zoológico en tu ciudad y

",bajo,"AMN1_3 - bajo
>> dichos países estaban bajo el control de
>> de el continente bajo la bandera italiana

"
AMN1,AMN1_2,"['AMN1_3', 'AMN1_4']",la subida mínima que hizo cuestionarse al equipo si realmente (estaban) [estaba] avanzando,estaban,"AMN1_3 - estaban
>> con dichos países estaban bajo el control

AMN1_4 - estaban
>> Cuando tus amigos están de mal humor
>> la autoayuda suelen estar ocupados con una
>> Las americanas están bien .

",estaba,"AMN1_3 - estaba
>> con dichos países estaban bajo el control

AMN1_4 - estaba
>> Cuando tus amigos están de mal humor
>> la autoayuda suelen estar ocupados con una
>> Las americanas están bien .

"
AMN1,AMN1_2,"['AMN1_3', 'AMN1_4']",los escasos recuerdos de la tierra que habían mantenido en su mente no les (pudo) [pudieron],pudo,"AMN1_3 - pudo
>> no se ha podido confirmar .
>> el equilibrio de poder .
>> por gobernadores romanos podría promover el desarrollo

AMN1_4 - pudo
>> Si te has podido identificar con más
>> ¡ Tú puedes !
>> nueva plataforma donde podían sacar la plata
>> libros o se pueden adquirir sesiones privadas

",pudieron,"AMN1_3 - pudieron
>> no se ha podido confirmar .
>> el equilibrio de poder .
>> por gobernadores romanos podría promover el desarrollo

AMN1_4 - pudieron
>> Si te has podido identificar con más
>> ¡ Tú puedes !
>> nueva plataforma donde podían sacar la plata
>> libros o se pueden adquirir sesiones privadas

"
AMN1,AMN1_2,"['AMN1_3', 'AMN1_4']",primera ascensión humana (del) [al] monte Olimpo,del,,al,
AMN1,AMN1_2,"['AMN1_3', 'AMN1_4']",serían la primera vez que [los] humanos pisarían la tierra,,,los,"AMN1_3 - los
>> El imperio romano contraataca
>> Italia declaró la guerra a diferentes
>> Hace tres horas el presidente de la
>> A continuación , el presidente ha movilizado
>> , se divulga la noticia que Italia
>> Según el jefe de el
>> un discurso en la televisión italiana se
>> Efectivamente , todos los países mediterráneos y
>> con fervor que la cultura romana hacía
>> Encima , negó el derecho de los
>> Recalcó que sin el imperio romano el
>> punto de vista las democracias han frenado
>> Frente a la amenaza que supuestamente
>> En cuanto a las lenguas romances que
>> Argumentó que la única versión ""
>> A el final , antes

AMN1_4 - los
>> Responde por favor el siguiente cuestionario .
>> Es para garantizar la dignidad de el
>> El bienestar de nuestros
>> mereces más que los demás ?
>> ¿ Te inspiran los carnívoros salvajes que
>> es de lejos la mejor serie que
>> mala vibra quitas el contacto para salvar
>> con más de la mitad de las
>> ¡ Tú eres el elegido/la elegida !
>> ha ido tenemos la necesaria distancia científica
>> Enfoquémonos en el verdadero texto .
>> Hace unos años los contenidos de autoayuda
>> A menudo , los mismos aprendices se
>> lo menos yo los veo .
>> sin haber cumplido los suyos .
>> tener éxito con las negociaciones para enseñar
>> No obstante , la falta de conocimiento
>> Todo el mundo tiene el
>> cultural es que las personas que salen
>> hicieras , aprovecharé la ocasión para dar
>> No te pases el listo .
>> muy probable que las personas alrededor de
>> de intentar superar los todo el rato
>> tus amigos en el instante que muestran
>> Las americanas están bien
>> Ve a el parque zoológico en
>> Antes de seguir las recomendaciones de alguien
>> A lo mejor el gurú no es
>> La vida despliega sus

"
AMN1,AMN1_2,"['AMN1_3', 'AMN1_4']",los escarpados acantilados del (Mount) [monte] Everest,Mount,,monte,
AMN1,AMN1_2,"['AMN1_3', 'AMN1_4']",la falta de aire que se siente en las altitudes [terrestres] aquí no importaba,,,terrestres,
AMN1,AMN1_2,"['AMN1_3', 'AMN1_4']",la [verdadera] razón (verdadera),verdadera,"AMN1_4 - verdadera
>> Enfoquémonos en el verdadero texto .

",verdadera,"AMN1_4 - verdadera
>> Enfoquémonos en el verdadero texto .

"
AMN1,AMN1_2,"['AMN1_3', 'AMN1_4']",la subida mínima que (dejó cuestionar) [hizo cuestionarse] al equipo,dejó cuestionar,,hizo cuestionarse,
AMN1,AMN1_2,"['AMN1_3', 'AMN1_4']",seguían su camino hasta (encontrarse) [quedar] rendidos,encontrarse,,quedar,"AMN1_3 - quedar
>> de el idioma quedan incuestionablemente en Italia

"
AMN1,AMN1_2,"['AMN1_3', 'AMN1_4']",una indefinible forma azul destacó (de) [en] la rojísima superficie que los rodeaba,de,"AMN1_3 - de
>> Noticia de última hora
>> horas el presidente de la República Italiana
>> les la cultura de una civilización avanzada
>> Según el jefe de el estado ,
>> a los habitantes de las regiones que
>> bajo el control de el poderoso imperio
>> reestablecer el equilibrio de poder .
>> negó el derecho de los pueblos atacados
>> velocidad en cuestiones de la tecnología o
>> Desde su punto de vista las democracias
>> seguridad y soberanía de Europa propuso una
>> reiteradamente el imperador de la continua contaminación
>> y sofisticada "" de el latín sería
>> final , antes de concluir su preocupante

AMN1_4 - de
>> y una frase de mierda
>> garantizar la dignidad de el lector y
>> El bienestar de nuestros lectores siempre
>> acabarían contigo dentro de unos segundos ?
>> cien por ciento de tu rendimiento en
>> Peaky Blinders es de lejos la mejor
>> frase super inspiradora de Pinterest ?
>> tus amigos están de mal humor o
>> identificar con más de la mitad de
>> esta especie extraña de personas se ha
>> años los contenidos de autoayuda y desarrollo
>> adquirir sesiones privadas de entrenamiento con maestros
>> ven un montón de páginas ( o
>> en muchas escuelas de Yoga antes de
>> , la falta de conocimiento no es
>> personas que salen de la puerta infernal
>> te unos consejos de autoayuda :
>> las personas alrededor de ti también tengan
>> En vez de intentar superar los
>> pecado alejar se de personas que únicamente
>> observa unos carnívoros de carne y hueso
>> Antes de seguir las recomendaciones
>> no se trata de ti. ( qué

",en,"AMN1_3 - en
>> En un discurso en
>> la misma velocidad en cuestiones de la
>> En cuanto a las
>> idioma quedan incuestionablemente en Italia .
>> En su provocador invectiva

AMN1_4 - en
>> vestir una americana en tu día a
>> de tu rendimiento en ti mismo ?
>> subir una foto en Instagram sin añadir
>> ¿ Si estuvieras en un cuarto con
>> Enfoquémonos en el verdadero texto
>> aprendices se convierten en versiones aún más
>> falta haber participado en muchas escuelas de
>> con una cosa en su vida :
>> En vez de intentar
>> a tus amigos en el instante que
>> el parque zoológico en tu ciudad y

"
AMN1,AMN1_2,"['AMN1_3', 'AMN1_4']",se dieron cuenta [de] que se trataba de una tienda antigua,,,de,"AMN1_3 - de
>> Noticia de última hora
>> horas el presidente de la República Italiana
>> les la cultura de una civilización avanzada
>> Según el jefe de el estado ,
>> a los habitantes de las regiones que
>> bajo el control de el poderoso imperio
>> reestablecer el equilibrio de poder .
>> negó el derecho de los pueblos atacados
>> velocidad en cuestiones de la tecnología o
>> Desde su punto de vista las democracias
>> seguridad y soberanía de Europa propuso una
>> reiteradamente el imperador de la continua contaminación
>> y sofisticada "" de el latín sería
>> final , antes de concluir su preocupante

AMN1_4 - de
>> y una frase de mierda
>> garantizar la dignidad de el lector y
>> El bienestar de nuestros lectores siempre
>> acabarían contigo dentro de unos segundos ?
>> cien por ciento de tu rendimiento en
>> Peaky Blinders es de lejos la mejor
>> frase super inspiradora de Pinterest ?
>> tus amigos están de mal humor o
>> identificar con más de la mitad de
>> esta especie extraña de personas se ha
>> años los contenidos de autoayuda y desarrollo
>> adquirir sesiones privadas de entrenamiento con maestros
>> ven un montón de páginas ( o
>> en muchas escuelas de Yoga antes de
>> , la falta de conocimiento no es
>> personas que salen de la puerta infernal
>> te unos consejos de autoayuda :
>> las personas alrededor de ti también tengan
>> En vez de intentar superar los
>> pecado alejar se de personas que únicamente
>> observa unos carnívoros de carne y hueso
>> Antes de seguir las recomendaciones
>> no se trata de ti. ( qué

"
AMN1,AMN1_2,"['AMN1_3', 'AMN1_4']",irritados (y) [e] incrédulos,y,"AMN1_3 - y
>> Hungría , Bosnia y Herzegovina , Serbia
>> movilizado sus tropas y las ha mandado
>> Europa , Asia y África .
>> los países mediterráneos y algunas naciones más
>> las zonas ocupadas y que desea reestablecer
>> para la seguridad y soberanía de Europa
>> versión "" pura y sofisticada "" de
>> amenazó con prohibir y abolir todos estos
>> "" ( pan y juegos ) .

AMN1_4 - y
>> dos Ferraris , y una frase de
>> de el lector y evitar cualquier tipo
>> una vida vulgar y aburrida , pero
>> Por más cursi y exagerada que sea
>> , Jeff Bezos y Marc Zuckerberg te
>> de leer ahorita y seguir chambeando para
>> contenidos de autoayuda y desarrollo personal también
>> yo , yo y yo .
>> también tengan sueños y ambiciones .
>> ambición sino cobardía y egoísmo .
>> en tu ciudad y observa unos carnívoros
>> que un soplagaitas y cree que tú

",e,"AMN1_3 - e
>> con "" pane e giochi "" (

"
AMN1,AMN1_2,"['AMN1_3', 'AMN1_4']",no sabían qué (era) [eran],era,"AMN1_3 - era
>> los países que son los objetivos de
>> de el latín sería el italiano ya

AMN1_4 - era
>> Es para garantizar la
>> nuestros lectores siempre es nuestra prioridad .
>> y exagerada que sea una frase ,
>> ¿ Peaky Blinders es de lejos la
>> ¡ Tú eres el elegido/la elegida
>> para analizar dichos seres desagradables .
>> no hace falta ser una atleta para
>> de conocimiento no es un crimen .
>> una degradación cultural es que las personas
>> Es muy probable que
>> No es un pecado alejar
>> el gurú no es más que un

",eran,"AMN1_3 - eran
>> los países que son los objetivos de
>> de el latín sería el italiano ya

AMN1_4 - eran
>> Es para garantizar la
>> nuestros lectores siempre es nuestra prioridad .
>> y exagerada que sea una frase ,
>> ¿ Peaky Blinders es de lejos la
>> ¡ Tú eres el elegido/la elegida
>> para analizar dichos seres desagradables .
>> no hace falta ser una atleta para
>> de conocimiento no es un crimen .
>> una degradación cultural es que las personas
>> Es muy probable que
>> No es un pecado alejar
>> el gurú no es más que un

"
AMN1,AMN1_2,"['AMN1_3', 'AMN1_4']",la denominación [de] basura,,,de,"AMN1_3 - de
>> Noticia de última hora
>> horas el presidente de la República Italiana
>> les la cultura de una civilización avanzada
>> Según el jefe de el estado ,
>> a los habitantes de las regiones que
>> bajo el control de el poderoso imperio
>> reestablecer el equilibrio de poder .
>> negó el derecho de los pueblos atacados
>> velocidad en cuestiones de la tecnología o
>> Desde su punto de vista las democracias
>> seguridad y soberanía de Europa propuso una
>> reiteradamente el imperador de la continua contaminación
>> y sofisticada "" de el latín sería
>> final , antes de concluir su preocupante

AMN1_4 - de
>> y una frase de mierda
>> garantizar la dignidad de el lector y
>> El bienestar de nuestros lectores siempre
>> acabarían contigo dentro de unos segundos ?
>> cien por ciento de tu rendimiento en
>> Peaky Blinders es de lejos la mejor
>> frase super inspiradora de Pinterest ?
>> tus amigos están de mal humor o
>> identificar con más de la mitad de
>> esta especie extraña de personas se ha
>> años los contenidos de autoayuda y desarrollo
>> adquirir sesiones privadas de entrenamiento con maestros
>> ven un montón de páginas ( o
>> en muchas escuelas de Yoga antes de
>> , la falta de conocimiento no es
>> personas que salen de la puerta infernal
>> te unos consejos de autoayuda :
>> las personas alrededor de ti también tengan
>> En vez de intentar superar los
>> pecado alejar se de personas que únicamente
>> observa unos carnívoros de carne y hueso
>> Antes de seguir las recomendaciones
>> no se trata de ti. ( qué

"
AMN1,AMN1_2,"['AMN1_3', 'AMN1_4']","(similar) [similares] a telas de araña, estaban colgadas en las laderas coloridas banderas",similar,,similares,
AMN1,AMN1_2,"['AMN1_3', 'AMN1_4']",la cumbre (era) [estaba] cubierta por huesos humanos,era,"AMN1_3 - era
>> los países que son los objetivos de
>> de el latín sería el italiano ya

AMN1_4 - era
>> Es para garantizar la
>> nuestros lectores siempre es nuestra prioridad .
>> y exagerada que sea una frase ,
>> ¿ Peaky Blinders es de lejos la
>> ¡ Tú eres el elegido/la elegida
>> para analizar dichos seres desagradables .
>> no hace falta ser una atleta para
>> de conocimiento no es un crimen .
>> una degradación cultural es que las personas
>> Es muy probable que
>> No es un pecado alejar
>> el gurú no es más que un

",estaba,"AMN1_3 - estaba
>> con dichos países estaban bajo el control

AMN1_4 - estaba
>> Cuando tus amigos están de mal humor
>> la autoayuda suelen estar ocupados con una
>> Las americanas están bien .

"
AMN1,AMN1_2,"['AMN1_3', 'AMN1_4']",(al) [a] punto de desmayarse por el cansancio,al,,a,"AMN1_3 - a
>> declaró la guerra a diferentes países
>> declarado la guerra a las siguientes naciones
>> A continuación , el
>> de la invasión a gran escala carecen
>> italiana se dirigó a su población ,
>> solamente la asimilación a la cultura romana
>> Frente a la amenaza que
>> En cuanto a las lenguas romances
>> A el final ,

AMN1_4 - a
>> en tu día a día , aunque
>> arrodillarías y empezarías a rezar ?
>> con maestros que a pesar de haber
>> A menudo , los
>> este movimiento llegó a su auge .
>> negociaciones para enseñar a otros cómo fundar
>> tiene el derecho a hacer el primo
>> Si conoces a alguien así o
>> únicamente contribuyen negatividad a tu vida ,
>> Ve a el parque zoológico
>> Vas a ver que no
>> de aconsejar te a ti ?
>> A lo mejor el

"
AMN1,AMN1_3,['AMN1_4'],carecen de cualquier (legitimación) [legitimidad],legitimación,,legitimidad,
AMN1,AMN1_3,['AMN1_4'],el derecho de los pueblos atacados (de) [a] gobernar su patria,de,"AMN1_4 - de
>> y una frase de mierda
>> garantizar la dignidad de el lector y
>> El bienestar de nuestros lectores siempre
>> acabarían contigo dentro de unos segundos ?
>> cien por ciento de tu rendimiento en
>> Peaky Blinders es de lejos la mejor
>> frase super inspiradora de Pinterest ?
>> tus amigos están de mal humor o
>> identificar con más de la mitad de
>> esta especie extraña de personas se ha
>> años los contenidos de autoayuda y desarrollo
>> adquirir sesiones privadas de entrenamiento con maestros
>> ven un montón de páginas ( o
>> en muchas escuelas de Yoga antes de
>> , la falta de conocimiento no es
>> personas que salen de la puerta infernal
>> te unos consejos de autoayuda :
>> las personas alrededor de ti también tengan
>> En vez de intentar superar los
>> pecado alejar se de personas que únicamente
>> observa unos carnívoros de carne y hueso
>> Antes de seguir las recomendaciones
>> no se trata de ti. ( qué

",a,"AMN1_4 - a
>> en tu día a día , aunque
>> arrodillarías y empezarías a rezar ?
>> con maestros que a pesar de haber
>> A menudo , los
>> este movimiento llegó a su auge .
>> negociaciones para enseñar a otros cómo fundar
>> tiene el derecho a hacer el primo
>> Si conoces a alguien así o
>> únicamente contribuyen negatividad a tu vida ,
>> Ve a el parque zoológico
>> Vas a ver que no
>> de aconsejar te a ti ?
>> A lo mejor el

"
AMN1,AMN1_3,['AMN1_4'],ordenó (la mudanza) [el traslado] de todos los leones de los parques zoológicos italianos,la mudanza,,el traslado,
AMN1,AMN1_3,['AMN1_4'],"prohibir y abolir todos (estos) [esos] ""abominables dialectos""",estos,"AMN1_4 - estos
>> Qué alivio que estos desgraciados se hayan
>> … ahora que esta especie extraña de
>> Recientemente este movimiento llegó a

",esos,"AMN1_4 - esos
>> ¿ Qué significaría eso ? ? ?

"
AMN1,AMN1_3,['AMN1_4'],[el] Líbano,,,el,"AMN1_4 - el
>> Responde por favor el siguiente cuestionario .
>> Es para garantizar la dignidad de el
>> El bienestar de nuestros
>> mereces más que los demás ?
>> ¿ Te inspiran los carnívoros salvajes que
>> es de lejos la mejor serie que
>> mala vibra quitas el contacto para salvar
>> con más de la mitad de las
>> ¡ Tú eres el elegido/la elegida !
>> ha ido tenemos la necesaria distancia científica
>> Enfoquémonos en el verdadero texto .
>> Hace unos años los contenidos de autoayuda
>> A menudo , los mismos aprendices se
>> lo menos yo los veo .
>> sin haber cumplido los suyos .
>> tener éxito con las negociaciones para enseñar
>> No obstante , la falta de conocimiento
>> Todo el mundo tiene el
>> cultural es que las personas que salen
>> hicieras , aprovecharé la ocasión para dar
>> No te pases el listo .
>> muy probable que las personas alrededor de
>> de intentar superar los todo el rato
>> tus amigos en el instante que muestran
>> Las americanas están bien
>> Ve a el parque zoológico en
>> Antes de seguir las recomendaciones de alguien
>> A lo mejor el gurú no es
>> La vida despliega sus

"
AMN1,AMN1_3,['AMN1_4'],se divulga la noticia [de] que Italia prepara sus armas nucleares,,,de,"AMN1_4 - de
>> y una frase de mierda
>> garantizar la dignidad de el lector y
>> El bienestar de nuestros lectores siempre
>> acabarían contigo dentro de unos segundos ?
>> cien por ciento de tu rendimiento en
>> Peaky Blinders es de lejos la mejor
>> frase super inspiradora de Pinterest ?
>> tus amigos están de mal humor o
>> identificar con más de la mitad de
>> esta especie extraña de personas se ha
>> años los contenidos de autoayuda y desarrollo
>> adquirir sesiones privadas de entrenamiento con maestros
>> ven un montón de páginas ( o
>> en muchas escuelas de Yoga antes de
>> , la falta de conocimiento no es
>> personas que salen de la puerta infernal
>> te unos consejos de autoayuda :
>> las personas alrededor de ti también tengan
>> En vez de intentar superar los
>> pecado alejar se de personas que únicamente
>> observa unos carnívoros de carne y hueso
>> Antes de seguir las recomendaciones
>> no se trata de ti. ( qué

"
AMN1,AMN1_3,['AMN1_4'],el jefe (del) [de] estado,del,,de,"AMN1_4 - de
>> y una frase de mierda
>> garantizar la dignidad de el lector y
>> El bienestar de nuestros lectores siempre
>> acabarían contigo dentro de unos segundos ?
>> cien por ciento de tu rendimiento en
>> Peaky Blinders es de lejos la mejor
>> frase super inspiradora de Pinterest ?
>> tus amigos están de mal humor o
>> identificar con más de la mitad de
>> esta especie extraña de personas se ha
>> años los contenidos de autoayuda y desarrollo
>> adquirir sesiones privadas de entrenamiento con maestros
>> ven un montón de páginas ( o
>> en muchas escuelas de Yoga antes de
>> , la falta de conocimiento no es
>> personas que salen de la puerta infernal
>> te unos consejos de autoayuda :
>> las personas alrededor de ti también tengan
>> En vez de intentar superar los
>> pecado alejar se de personas que únicamente
>> observa unos carnívoros de carne y hueso
>> Antes de seguir las recomendaciones
>> no se trata de ti. ( qué

"
AMN1,AMN1_3,['AMN1_4'],el (imperador) [emperador],imperador,,emperador,
AMN1,AMN1_3,['AMN1_4'],los países (que son los objetivos) [objeto] de la invasión a gran escala,que son los objetivos,,objeto,
AMN1,AMN1_3,['AMN1_4'],carecen de cualquier legitimidad (de) [para] ser independientes,de,"AMN1_4 - de
>> y una frase de mierda
>> garantizar la dignidad de el lector y
>> El bienestar de nuestros lectores siempre
>> acabarían contigo dentro de unos segundos ?
>> cien por ciento de tu rendimiento en
>> Peaky Blinders es de lejos la mejor
>> frase super inspiradora de Pinterest ?
>> tus amigos están de mal humor o
>> identificar con más de la mitad de
>> esta especie extraña de personas se ha
>> años los contenidos de autoayuda y desarrollo
>> adquirir sesiones privadas de entrenamiento con maestros
>> ven un montón de páginas ( o
>> en muchas escuelas de Yoga antes de
>> , la falta de conocimiento no es
>> personas que salen de la puerta infernal
>> te unos consejos de autoayuda :
>> las personas alrededor de ti también tengan
>> En vez de intentar superar los
>> pecado alejar se de personas que únicamente
>> observa unos carnívoros de carne y hueso
>> Antes de seguir las recomendaciones
>> no se trata de ti. ( qué

",para,"AMN1_4 - para
>> Es para garantizar la dignidad
>> quitas el contacto para salvar tu propia
>> y seguir chambeando para tus metas .
>> necesaria distancia científica para analizar dichos seres
>> con las negociaciones para enseñar a otros
>> aprovecharé la ocasión para dar te unos

"
AMN1,AMN1_3,['AMN1_4'],"cuyo [poder] militar ocupaba enormes superficies en Europa, Asia y África",,,poder,"AMN1_4 - poder
>> Si te has podido identificar con más
>> ¡ Tú puedes !
>> nueva plataforma donde podían sacar la plata
>> libros o se pueden adquirir sesiones privadas

"
AMN1,AMN1_3,['AMN1_4'],algunas naciones (más que comparten una frontera con dichos países) [colindantes],más que comparten una frontera con dichos países,,colindantes,
AMN1,AMN1_3,['AMN1_4'],desea (reestablecer) [restablecer] el equilibrio de poder,reestablecer,,restablecer,
AMN1,AMN1_3,['AMN1_4'],"sin el Impero romano, (el continente) Europa no habría avanzado con la misma velocidad",el continente,,,
AMN1,AMN1_3,['AMN1_4'],en cuestiones de (la) tecnología o de (la) ciencia,"la, la","AMN1_4 - la
>> Responde por favor el siguiente cuestionario .
>> Es para garantizar la dignidad de el
>> El bienestar de nuestros
>> mereces más que los demás ?
>> ¿ Te inspiran los carnívoros salvajes que
>> es de lejos la mejor serie que
>> mala vibra quitas el contacto para salvar
>> con más de la mitad de las
>> ¡ Tú eres el elegido/la elegida !
>> ha ido tenemos la necesaria distancia científica
>> Enfoquémonos en el verdadero texto .
>> Hace unos años los contenidos de autoayuda
>> A menudo , los mismos aprendices se
>> lo menos yo los veo .
>> sin haber cumplido los suyos .
>> tener éxito con las negociaciones para enseñar
>> No obstante , la falta de conocimiento
>> Todo el mundo tiene el
>> cultural es que las personas que salen
>> hicieras , aprovecharé la ocasión para dar
>> No te pases el listo .
>> muy probable que las personas alrededor de
>> de intentar superar los todo el rato
>> tus amigos en el instante que muestran
>> Las americanas están bien
>> Ve a el parque zoológico en
>> Antes de seguir las recomendaciones de alguien
>> A lo mejor el gurú no es
>> La vida despliega sus

AMN1_4 - la
>> Responde por favor el siguiente cuestionario .
>> Es para garantizar la dignidad de el
>> El bienestar de nuestros
>> mereces más que los demás ?
>> ¿ Te inspiran los carnívoros salvajes que
>> es de lejos la mejor serie que
>> mala vibra quitas el contacto para salvar
>> con más de la mitad de las
>> ¡ Tú eres el elegido/la elegida !
>> ha ido tenemos la necesaria distancia científica
>> Enfoquémonos en el verdadero texto .
>> Hace unos años los contenidos de autoayuda
>> A menudo , los mismos aprendices se
>> lo menos yo los veo .
>> sin haber cumplido los suyos .
>> tener éxito con las negociaciones para enseñar
>> No obstante , la falta de conocimiento
>> Todo el mundo tiene el
>> cultural es que las personas que salen
>> hicieras , aprovecharé la ocasión para dar
>> No te pases el listo .
>> muy probable que las personas alrededor de
>> de intentar superar los todo el rato
>> tus amigos en el instante que muestran
>> Las americanas están bien
>> Ve a el parque zoológico en
>> Antes de seguir las recomendaciones de alguien
>> A lo mejor el gurú no es
>> La vida despliega sus

",,
AMN1,AMN1_3,['AMN1_4'],el (imperador) [emperador],imperador,,emperador,
AMN1,AMN1_3,['AMN1_4'],en su (provocador) [provocadora] invectiva,provocador,,provocadora,
AMN1,AMN1_3,['AMN1_4'],(pan y juegos) [pan y circo],pan y juegos,,pan y circo,
AMN1,AMN1_4,,las personas que salen de la puerta infernal de la autoayuda suelen estar (ocupados) [ocupadas],ocupados,,ocupadas,
AMN1,AMN1_4,,en el instante [en] que muestran debilidades,,,en,
AMN1,AMN1_4,,te explica (como) [cómo] cumplir tus sueños,como,,cómo,
AMN1,AMN1_4,,ve al parque zoológico (en) [de] tu ciudad,en,,de,
AMN1,AMN1_4,,ahora que (esta) [esa] especie extraña de personas se ha ido,esta,,esa,
AMN1,AMN1_4,,consejos deportivos o (nutritivos) [nutricionales],nutritivos,,nutricionales,
AMN1,AMN1_4,,la mejor serie jamás (producido) [producida],producido,,producida,
AMN1,AMN1_4,,a pesar de haber leído (unos) [algunos] libros ellos mismos,unos,,algunos,
AMN1,AMN1_4,,para (salvar) [salvaguardar] tu propia energía positiva,salvar,,salvaguardar,
AMN1,AMN1_4,,que acabarían contigo (dentro de) [en apenas] unos segundos,dentro de,,en apenas,
AMN1,AMN1_4,,(mamarracho) [Mamarracho],mamarracho,,Mamarracho,
AMN1,AMN1_4,,¿nunca te (daría cosquillas) [conmovería]?,daría cosquillas,,conmovería,
AMN1,AMN1_4,,¿te gusta invertir [el] cien por ciento de tu rendimiento en ti mismo?,,,el,
AMN1,AMN1_4,,la mejor serie (que) jamás (ha sido) producida,"que, ha sido",,,
AMN1,AMN1_4,,subir una foto (en) [a] Instagram,en,,a,
AMN1,AMN1_4,,una frase (super inspiradora) [superinspiradora],super inspiradora,,superinspiradora,
AMN1,AMN1_4,,(quitas) [cortas] el contacto,quitas,,cortas,
AMN1,AMN1_4,,qué alivio que (estos) [esos] desgraciados se hayan marchado,estos,,esos,
AMN1,AMN1_4,,una nueva plataforma (donde) [a través de la cual] sacar la plata,donde,,a través de la cual,
AMN1,AMN1_4,,sacar la plata (de) [a] sus fieles discípulos,de,,a,
AMN1,AMN1_4,,se convierten en versiones aún más retorcidas [de sus preceptores],,,de sus preceptores,
AMN1,AMN1_4,,por Instagram se ven un montón de páginas (o por lo menos yo (los) [las] veo),los,,las,
AMN1,AMN1_4,,donde un fulano (yo sé qué) [no sé quién] te explica,yo sé qué,,no sé quién,
AMN1,AMN1_4,,no hace falta ser (una) [un] atleta,una,,un,
AMN1,AMN1_4,,consejos (deportistas) [deportivos],deportistas,,deportivos,
AMN1,AMN1_4,,escuelas de (Yoga) [yoga],Yoga,,yoga,
AMN1,AMN1_4,,seguir a profetas (falsas) [falsos],falsas,,falsos,
AMN1,AMN1_4,,con una [sola] cosa,,,sola,
AMN1,AMN1_4,,no te pases (el) [de] listo,el,,de,
AMN1,AMN1_4,,observa a (unos) [algunos] carnívoros de carne y hueso,unos,,algunos,
AMN1,AMN1_4,,observa [a] algunos carnívoros de carne y hueso,,,a,
